bank_stmt_id,credit_date,credit_amount,raw_narration
stmt_101,2026-08-08,41239.45,CMS/PAY/RZP/900000 NET
stmt_102,2026-08-06,8183.34,CMS/RZP/UTR900001/NET_SETTL
stmt_103,2026-08-10,12167.32,HDFC CMP RZP BATCH 900002 NET
stmt_104,2026-08-20,7730.52,CMS/RZP/UTR900003/NET_SETTL
stmt_105,2026-08-15,13402.47,CMS/RZP/UTR900004/NET_SETTL
stmt_106,2026-08-02,29521.28,CMS/RZP/UTR900005/NET_SETTL
stmt_107,2026-08-14,20885.75,SETTL-REF-NO-900006 NET
stmt_108,2026-08-05,5592.0,CMS/RZP/UTR900007/NET_SETTL
stmt_109,2026-08-04,11007.88,CMS/RZP/UTR900008/NET_SETTL
stmt_110,2026-08-21,29371.07,CMS/RZP/UTR900009/NET_SETTL
stmt_111,2026-08-13,37012.68,CMS/RZP/UTR900010/NET_SETTL
stmt_112,2026-08-04,14063.49,CMS/RZP/UTR900011/NET_SETTL
stmt_113,2026-08-07,31013.6,CMS/RZP/UTR900012/NET_SETTL
stmt_114,2026-08-21,9892.13,CMS/RZP/UTR900013/NET_SETTL
stmt_115,2026-08-15,29048.86,CMS/RZP/UTR900014/NET_SETTL
stmt_116,2026-08-22,22666.28,UNKNOWN NEFT CREDIT NO_UTR_662
stmt_117,2026-08-18,14647.06,CMS/RZP/UTR900016/NET_SETTL
stmt_118,2026-08-15,3818.01,CMS/RZP/UTR900017/NET_SETTL
stmt_119,2026-08-02,5618.96,CMS/PAY/RZP/900018 NET
stmt_120,2026-08-06,13391.08,CMS/RZP/UTR900019/NET_SETTL
stmt_121,2026-08-13,27616.06,CMS/RZP/UTR900020/NET_SETTL
stmt_122,2026-08-15,13487.47,CMS/RZP/UTR900021/NET_SETTL
stmt_123,2026-08-06,6693.43,CMS/RZP/UTR900022/NET_SETTL
stmt_124,2026-08-16,10418.51,HDFC CMP RZP BATCH 900023 NET
stmt_125,2026-08-17,2567.79,NEFT-CMS-RAZORPAY-900024 NET
stmt_126,2026-08-04,664.86,CMS/RZP/UTR900025/NET_SETTL
stmt_127,2026-08-15,8760.43,CMS/RZP/UTR900026/ADJ_UNKN
stmt_128,2026-08-12,27784.95,CMS/RZP/UTR900027/NET_SETTL
stmt_129,2026-08-05,12963.44,CMS/RZP/UTR900028/NET_SETTL
stmt_130,2026-08-03,12919.18,CMS/RZP/UTR900029/NET_SETTL
stmt_131,2026-08-17,19725.67,CMS/RZP/UTR900030/NET_SETTL
stmt_132,2026-08-05,16893.57,CMS/RZP/UTR900031/NET_LESS_RFND
stmt_133,2026-08-07,29074.71,CMS/RZP/UTR900032/NET_SETTL
stmt_134,2026-08-04,15885.91,CMS/RZP/UTR900033/NET_SETTL
stmt_135,2026-08-12,12639.24,CMS/RZP/UTR900034/NET_SETTL
stmt_136,2026-08-04,11198.88,CMS/RZP/UTR900035/NET_SETTL
stmt_137,2026-08-11,10472.83,CMS/RZP/UTR900036/NET_SETTL
stmt_138,2026-08-10,8469.51,CMS/RZP/UTR900037/NET_SETTL
stmt_139,2026-08-17,4941.96,CMS/RZP/UTR900038/NET_SETTL
stmt_140,2026-08-11,32762.33,CMS/RZP/UTR900039/NET_SETTL
stmt_141,2026-08-13,26578.94,CMS/RZP/UTR900040/NET_SETTL
stmt_142,2026-08-15,12582.32,CMS/RZP/UTR900041/NET_SETTL
stmt_143,2026-08-17,13672.54,CMS/RZP/UTR900042/ADJ_UNKN
stmt_144,2026-08-04,20471.33,CMS/RZP/UTR900043/NET_LESS_RFND
stmt_145,2026-08-19,35091.13,CMS/RZP/UTR900044/NET_SETTL
stmt_146,2026-08-15,41608.99,CMS/PAY/RZP/900045 NET
stmt_147,2026-08-05,16208.2,CMS/RZP/UTR900046/NET_SETTL
stmt_148,2026-08-05,6927.28,CMS/RZP/UTR900047/NET_SETTL
stmt_149,2026-08-08,10103.56,CMS/RZP/UTR900048/NET_SETTL
stmt_150,2026-08-13,3025.09,CMS/RZP/UTR900049/NET_SETTL
stmt_151,2026-08-17,45952.92,CMS/RZP/UTR900050/NET_SETTL
stmt_152,2026-08-06,5634.17,CMS/RZP/UTR900051/NET_SETTL
stmt_153,2026-08-12,34088.98,CMS/RZP/UTR900052/NET_SETTL
stmt_154,2026-08-22,14868.88,CMS/RZP/UTR900053/NET_SETTL
stmt_155,2026-08-03,18822.96,CMS/RZP/UTR900054/NET_SETTL
stmt_156,2026-08-06,26945.58,CMS/RZP/UTR900055/NET_SETTL
stmt_157,2026-08-10,30575.53,CMS/RZP/UTR900056/NET_SETTL
stmt_158,2026-08-16,3040.47,HDFC CMP RZP BATCH 900057 NET
stmt_159,2026-08-15,7573.82,SETTL-REF-NO-900058 NET
stmt_160,2026-08-22,17661.51,SETTL-REF-NO-900059 NET
stmt_161,2026-08-16,16465.71,CMS/RZP/UTR900060/NET_SETTL
stmt_162,2026-08-09,14473.43,CMS/RZP/UTR900061/NET_SETTL
stmt_163,2026-08-14,29518.85,CMS/RZP/UTR900062/NET_SETTL
stmt_164,2026-08-08,16210.63,CMS/RZP/UTR900063/NET_LESS_RFND
stmt_165,2026-08-17,14130.28,CMS/RZP/UTR900064/NET_SETTL
stmt_166,2026-08-03,24732.77,CMS/RZP/UTR900065/NET_SETTL
stmt_167,2026-08-16,40486.62,CMS/RZP/UTR900066/NET_SETTL
stmt_168,2026-08-21,8429.43,CMS/RZP/UTR900067/NET_SETTL
stmt_169,2026-08-21,10720.37,CMS/RZP/UTR900068/NET_SETTL
stmt_170,2026-08-20,32922.15,SETTL-REF-NO-900069 NET
stmt_171,2026-08-02,37937.52,CMS/RZP/UTR900070/NET_SETTL
stmt_172,2026-08-16,14479.48,CMS/RZP/UTR900071/NET_SETTL
stmt_173,2026-08-07,-164.65,CMS/RZP/UTR900072/NET_LESS_RFND
stmt_174,2026-08-15,20311.04,HDFC CMP RZP BATCH 900073 NET
stmt_175,2026-08-14,4763.07,CMS/RZP/UTR900074/NET_SETTL
stmt_176,2026-08-11,28392.59,CMS/PAY/RZP/900075 NET
stmt_177,2026-08-19,13603.26,CMS/RZP/UTR900076/NET_SETTL
stmt_178,2026-08-17,20075.73,CMS/RZP/UTR900077/NET_SETTL
stmt_179,2026-08-15,46974.36,CMS/RZP/UTR900078/NET_SETTL
stmt_180,2026-08-05,1757.28,HDFC CMP RZP BATCH 900079 NET
stmt_181,2026-08-22,6338.96,CMS/RZP/UTR900080/NET_LESS_RFND
stmt_182,2026-08-06,9941.5,CMS/RZP/UTR900081/NET_SETTL
stmt_183,2026-08-15,19784.57,CMS/RZP/UTR900082/NET_SETTL
stmt_184,2026-08-05,38180.68,CMS/PAY/RZP/900083 NET
stmt_185,2026-08-03,11951.1,SETTL-REF-NO-900084 NET
stmt_186,2026-08-12,13905.54,CMS/RZP/UTR900085/NET_SETTL
stmt_187,2026-08-03,2659.65,CMS/RZP/UTR900086/NET_SETTL
stmt_188,2026-08-14,17215.8,CMS/RZP/UTR900087/ADJ_UNKN
stmt_189,2026-08-14,35033.99,CMS/RZP/UTR900088/NET_SETTL
stmt_190,2026-08-14,30936.22,UNKNOWN NEFT CREDIT NO_UTR_746
stmt_191,2026-08-21,20135.85,HDFC CMP RZP BATCH 900090 NET
stmt_192,2026-08-04,23935.87,CMS/RZP/UTR900091/NET_SETTL
stmt_193,2026-08-19,5000.0,BULK SETTLEMENT CLEARING
stmt_194,2026-08-07,12241.67,CMS/RZP/UTR900093/NET_LESS_RFND
stmt_195,2026-08-10,5002.27,CMS/RZP/UTR900094/NET_SETTL
stmt_196,2026-08-20,6988.43,CMS/RZP/UTR900095/NET_SETTL
stmt_197,2026-08-21,2496.28,CMS/RZP/UTR900096/NET_SETTL
stmt_198,2026-08-10,1583.75,CMS/RZP/UTR900097/NET_SETTL
stmt_199,2026-08-13,27385.52,CMS/RZP/UTR900098/NET_SETTL
stmt_200,2026-08-04,36012.08,CMS/RZP/UTR900099/NET_SETTL
stmt_201,2026-08-08,12224.15,CMS/RZP/UTR900100/NET_LESS_RFND
stmt_202,2026-08-21,12813.16,CMS/RZP/UTR900101/NET_LESS_RFND
stmt_203,2026-08-21,11966.38,CMS/RZP/UTR900102/NET_SETTL
stmt_204,2026-08-05,8076.13,CMS/RZP/UTR900103/NET_SETTL
stmt_205,2026-08-18,14874.59,CMS/RZP/UTR900104/NET_SETTL
stmt_206,2026-08-08,14034.74,CMS/RZP/UTR900105/NET_LESS_RFND
stmt_207,2026-08-17,5422.95,CMS/RZP/UTR900106/NET_SETTL
stmt_208,2026-08-20,32442.96,NEFT-CMS-RAZORPAY-900107 NET
stmt_209,2026-08-10,23266.05,CMS/RZP/UTR900108/NET_SETTL
stmt_210,2026-08-11,8751.37,SETTL-REF-NO-900109 NET
stmt_211,2026-08-07,26695.44,CMS/RZP/UTR900110/NET_SETTL
stmt_212,2026-08-12,30312.5,CMS/RZP/UTR900111/NET_SETTL
stmt_213,2026-08-05,27133.6,CMS/RZP/UTR900112/NET_SETTL
stmt_214,2026-08-11,35889.46,CMS/RZP/UTR900113/NET_SETTL
stmt_215,2026-08-19,20689.55,SETTL-REF-NO-900114 NET
stmt_216,2026-08-09,15543.62,CMS/RZP/UTR900115/NET_SETTL
stmt_217,2026-08-12,4998.72,CMS/RZP/UTR900116/NET_SETTL
stmt_218,2026-08-03,18823.95,CMS/RZP/UTR900117/NET_SETTL
stmt_219,2026-08-09,19992.84,HDFC CMP RZP BATCH 900118 NET
stmt_220,2026-08-21,25139.79,CMS/RZP/UTR900119/NET_SETTL
stmt_221,2026-08-17,11608.23,CMS/RZP/UTR900120/NET_SETTL
stmt_222,2026-08-13,13172.65,HDFC CMP RZP BATCH 900121 NET
stmt_223,2026-08-17,18595.13,CMS/RZP/UTR900122/NET_SETTL
stmt_224,2026-08-19,11679.94,CMS/RZP/UTR900123/NET_LESS_RFND
stmt_225,2026-08-11,18448.55,CMS/RZP/UTR900124/NET_LESS_RFND
stmt_226,2026-08-12,34673.52,CMS/RZP/UTR900125/NET_SETTL
stmt_227,2026-08-21,3659.76,CMS/RZP/UTR900126/NET_SETTL
stmt_228,2026-08-02,14554.55,CMS/RZP/UTR900127/NET_SETTL
stmt_229,2026-08-15,12474.29,CMS/RZP/UTR900128/NET_SETTL
stmt_230,2026-08-13,4164.8,CMS/RZP/UTR900129/NET_SETTL
stmt_231,2026-08-03,13897.69,CMS/RZP/UTR900130/NET_SETTL
stmt_232,2026-08-05,27785.44,CMS/RZP/UTR900131/NET_SETTL
stmt_233,2026-08-07,18536.75,CMS/RZP/UTR900132/NET_SETTL
stmt_234,2026-08-16,7875.22,CMS/RZP/UTR900133/NET_SETTL
stmt_235,2026-08-10,33335.05,CMS/RZP/UTR900134/NET_LESS_RFND
stmt_236,2026-08-05,20255.31,CMS/RZP/UTR900135/NET_LESS_RFND
stmt_237,2026-08-05,3496.38,NEFT-CMS-RAZORPAY-900136 NET
stmt_238,2026-08-17,11442.22,CMS/RZP/UTR900137/NET_LESS_RFND
stmt_239,2026-08-19,32776.11,CMS/RZP/UTR900138/NET_SETTL
stmt_240,2026-08-05,19413.72,CMS/RZP/UTR900139/NET_SETTL
stmt_241,2026-08-16,15220.58,CMS/RZP/UTR900140/NET_SETTL
stmt_242,2026-08-20,9019.82,CMS/RZP/UTR900141/NET_SETTL
stmt_243,2026-08-05,13146.66,CMS/RZP/UTR900142/NET_SETTL
stmt_244,2026-08-08,7230.72,CMS/RZP/UTR900143/NET_SETTL
stmt_245,2026-08-19,19538.06,CMS/RZP/UTR900144/NET_SETTL
stmt_246,2026-08-15,12695.89,CMS/RZP/UTR900145/NET_SETTL
stmt_247,2026-08-12,26743.46,CMS/RZP/UTR900146/NET_SETTL
stmt_248,2026-08-15,9703.69,CMS/RZP/UTR900147/ADJ_UNKN
stmt_249,2026-08-18,10131.93,CMS/RZP/UTR900148/NET_SETTL
stmt_250,2026-08-09,14331.47,CMS/RZP/UTR900149/NET_LESS_RFND
