payment_id,order_id,settlement_id,amount,payment_method,fee,tax,holdback,net_amount,status,captured_at
pay_2000,ord_1000,setl_5000,13122.52,UPI,0.0,0.0,0.0,13122.52,CAPTURED,2026-08-09 10:00:00
pay_2001,ord_1001,setl_5001,8321.0,CREDIT_CARD,166.42,29.96,0.0,8124.62,FAILED,2026-08-05 10:00:00
pay_2002,ord_1002,setl_5001,5200.26,UPI,0.0,0.0,0.0,5200.26,CAPTURED,2026-08-05 10:00:00
pay_2003,ord_1003,setl_5002,13231.14,NETBANKING,238.16,42.87,1323.11,11627.0,CAPTURED,2026-08-08 10:00:00
pay_2004,ord_1004,setl_5002,1503.58,CREDIT_CARD,30.07,5.41,0.0,1468.1,CAPTURED,2026-08-08 10:00:00
pay_2005,ord_1005,setl_5003,8151.27,DEBIT_CARD,73.36,13.2,0.0,8064.71,CAPTURED,2026-08-18 10:00:00
pay_2006,ord_1006,setl_5003,11451.35,CREDIT_CARD,229.03,41.23,0.0,11181.09,CAPTURED,2026-08-18 10:00:00
pay_2007,ord_1007,setl_5003,10239.46,UPI,0.0,0.0,0.0,10239.46,CAPTURED,2026-08-18 10:00:00
pay_2008,ord_1008,setl_5004,9032.38,UPI,56.74,0.0,0.0,8975.64,CAPTURED,2026-08-11 10:00:00
pay_2009,ord_1009,setl_5004,955.49,UPI,0.0,0.0,0.0,955.49,CAPTURED,2026-08-11 10:00:00
pay_2010,ord_1010,setl_5005,10988.61,CREDIT_CARD,219.77,39.56,0.0,10729.28,CAPTURED,2026-08-16 10:00:00
pay_2011,ord_1011,setl_5005,7358.11,UPI,0.0,0.0,735.81,6622.3,CAPTURED,2026-08-16 10:00:00
pay_2012,ord_1012,setl_5006,7271.86,CREDIT_CARD,145.44,26.18,0.0,7100.24,CAPTURED,2026-08-12 10:00:00
pay_2013,ord_1013,setl_5006,1927.06,UPI,0.0,0.0,0.0,1927.06,CAPTURED,2026-08-12 10:00:00
pay_2014,ord_1014,setl_5006,4105.52,UPI,0.0,0.0,0.0,4105.52,CAPTURED,2026-08-12 10:00:00
pay_2015,ord_1015,setl_5006,4538.9,UPI,0.0,0.0,0.0,4538.9,CAPTURED,2026-08-12 10:00:00
pay_2016,ord_1016,setl_5007,14550.45,NETBANKING,261.91,47.14,0.0,14241.4,CAPTURED,2026-08-04 10:00:00
pay_2017,ord_1017,setl_5008,13037.43,NETBANKING,234.67,42.24,0.0,12760.52,FAILED,2026-08-16 10:00:00
pay_2018,ord_1018,setl_5008,6161.12,NETBANKING,110.9,19.96,0.0,6030.26,CAPTURED,2026-08-16 10:00:00
pay_2019,ord_1019,setl_5009,3253.52,UPI,0.0,0.0,325.35,2928.17,CAPTURED,2026-08-18 10:00:00
pay_2020,ord_1020,setl_5009,1383.88,UPI,0.0,0.0,138.39,1245.49,CAPTURED,2026-08-18 10:00:00
pay_2021,ord_1021,setl_5010,14431.29,UPI,0.0,0.0,0.0,14431.29,CAPTURED,2026-08-17 10:00:00
pay_2022,ord_1022,setl_5011,14153.14,DEBIT_CARD,185.58,22.93,0.0,13944.63,CAPTURED,2026-08-08 10:00:00
pay_2023,ord_1023,setl_5012,3461.76,CREDIT_CARD,69.24,12.46,0.0,3380.06,CAPTURED,2026-08-19 10:00:00
pay_2024,ord_1024,setl_5012,10239.51,UPI,0.0,0.0,0.0,10239.51,CAPTURED,2026-08-19 10:00:00
pay_2025,ord_1025,setl_5012,1551.88,DEBIT_CARD,13.97,2.51,0.0,1535.4,CAPTURED,2026-08-19 10:00:00
pay_2026,ord_1026,setl_5013,2420.62,UPI,0.0,0.0,242.06,2178.56,CAPTURED,2026-08-03 10:00:00
pay_2027,ord_1027,setl_5013,4632.32,UPI,0.0,0.0,0.0,4632.32,CAPTURED,2026-08-03 10:00:00
pay_2028,ord_1028,setl_5013,14765.87,CREDIT_CARD,295.32,53.16,0.0,14417.39,CAPTURED,2026-08-03 10:00:00
pay_2029,ord_1029,setl_5014,2173.72,UPI,0.0,0.0,0.0,2173.72,CAPTURED,2026-08-04 10:00:00
pay_2030,ord_1030,setl_5014,9270.03,CREDIT_CARD,185.4,33.37,0.0,9051.26,CAPTURED,2026-08-04 10:00:00
pay_2031,ord_1031,setl_5014,4327.77,DEBIT_CARD,38.95,7.01,0.0,4281.81,CAPTURED,2026-08-04 10:00:00
pay_2032,ord_1032,setl_5015,1139.26,UPI,0.0,0.0,0.0,1139.26,CAPTURED,2026-08-03 10:00:00
pay_2033,ord_1033,setl_5015,2842.94,UPI,0.0,0.0,0.0,2842.94,CAPTURED,2026-08-03 10:00:00
pay_2034,ord_1034,setl_5015,2122.17,NETBANKING,38.2,6.88,0.0,2077.09,CAPTURED,2026-08-03 10:00:00
pay_2035,ord_1035,setl_5016,6731.91,UPI,0.0,0.0,0.0,6731.91,CAPTURED,2026-08-02 10:00:00
pay_2036,ord_1036,setl_5016,14596.85,UPI,0.0,0.0,0.0,14596.85,CAPTURED,2026-08-02 10:00:00
pay_2037,ord_1037,setl_5017,13923.58,UPI,0.0,0.0,0.0,13923.58,CAPTURED,2026-08-18 10:00:00
pay_2038,ord_1038,setl_5017,3067.26,UPI,0.0,0.0,0.0,3067.26,CAPTURED,2026-08-18 10:00:00
pay_2039,ord_1039,setl_5018,2808.37,CREDIT_CARD,153.24,10.11,0.0,2645.02,CAPTURED,2026-08-14 10:00:00
pay_2040,ord_1040,setl_5018,3393.81,NETBANKING,61.09,11.0,0.0,3321.72,CAPTURED,2026-08-14 10:00:00
pay_2041,ord_1041,setl_5018,13134.18,UPI,0.0,0.0,0.0,13134.18,CAPTURED,2026-08-14 10:00:00
pay_2042,ord_1042,setl_5019,5591.62,DEBIT_CARD,50.32,9.06,0.0,5532.24,CAPTURED,2026-08-09 10:00:00
pay_2043,ord_1043,setl_5019,5301.67,UPI,0.0,0.0,0.0,5301.67,CAPTURED,2026-08-09 10:00:00
pay_2044,ord_1044,setl_5019,8918.55,NETBANKING,160.53,28.9,891.86,7837.26,CAPTURED,2026-08-09 10:00:00
pay_2045,ord_1045,setl_5020,9290.03,DEBIT_CARD,83.61,15.05,0.0,9191.37,CAPTURED,2026-08-12 10:00:00
pay_2046,ord_1046,setl_5020,4193.48,CREDIT_CARD,83.87,15.1,419.35,3675.16,CAPTURED,2026-08-12 10:00:00
pay_2047,ord_1047,setl_5020,8307.55,CREDIT_CARD,166.15,29.91,0.0,8111.49,CAPTURED,2026-08-12 10:00:00
pay_2048,ord_1048,setl_5020,5781.21,UPI,0.0,0.0,0.0,5781.21,CAPTURED,2026-08-12 10:00:00
pay_2049,ord_1049,setl_5021,10169.95,UPI,0.0,0.0,0.0,10169.95,CAPTURED,2026-08-04 10:00:00
pay_2050,ord_1050,setl_5021,3281.68,CREDIT_CARD,65.63,11.81,0.0,3204.24,CAPTURED,2026-08-04 10:00:00
pay_2051,ord_1051,setl_5021,3023.4,DEBIT_CARD,27.21,4.9,0.0,2991.29,CAPTURED,2026-08-04 10:00:00
pay_2052,ord_1052,setl_5022,6905.9,CREDIT_CARD,138.12,24.86,0.0,6742.92,CAPTURED,2026-08-14 10:00:00
pay_2053,ord_1053,setl_5022,14417.56,CREDIT_CARD,288.35,51.9,0.0,14077.31,CAPTURED,2026-08-14 10:00:00
pay_2054,ord_1054,setl_5022,10125.88,DEBIT_CARD,91.13,16.4,1012.59,9005.76,CAPTURED,2026-08-14 10:00:00
pay_2055,ord_1055,setl_5022,3905.59,UPI,0.0,0.0,0.0,3905.59,CAPTURED,2026-08-14 10:00:00
pay_2056,ord_1056,setl_5023,9363.47,CREDIT_CARD,187.27,33.71,0.0,9142.49,CAPTURED,2026-08-02 10:00:00
pay_2057,ord_1057,setl_5023,8847.23,CREDIT_CARD,176.94,31.85,0.0,8638.44,CAPTURED,2026-08-02 10:00:00
pay_2058,ord_1058,setl_5023,2639.78,CREDIT_CARD,52.8,9.5,0.0,2577.48,CAPTURED,2026-08-02 10:00:00
pay_2059,ord_1059,setl_5023,13339.25,CREDIT_CARD,266.79,48.02,0.0,13024.44,CAPTURED,2026-08-02 10:00:00
pay_2060,ord_1060,setl_5024,7118.7,CREDIT_CARD,142.37,25.63,0.0,6950.7,CAPTURED,2026-08-02 10:00:00
pay_2061,ord_1061,setl_5025,13509.52,CREDIT_CARD,270.19,48.63,0.0,13190.7,CAPTURED,2026-08-20 10:00:00
pay_2062,ord_1062,setl_5025,4084.98,DEBIT_CARD,36.76,6.62,0.0,4041.6,CAPTURED,2026-08-20 10:00:00
pay_2063,ord_1063,setl_5025,9587.85,UPI,0.0,0.0,958.79,8629.06,CAPTURED,2026-08-20 10:00:00
pay_2064,ord_1064,setl_5025,4439.87,UPI,0.0,0.0,0.0,4439.87,CAPTURED,2026-08-20 10:00:00
pay_2065,ord_1065,setl_5026,6410.19,DEBIT_CARD,57.69,10.38,0.0,6342.12,CAPTURED,2026-08-07 10:00:00
pay_2066,ord_1066,setl_5026,6592.08,NETBANKING,118.66,21.36,0.0,6452.06,CAPTURED,2026-08-07 10:00:00
pay_2067,ord_1067,setl_5026,12922.61,CREDIT_CARD,258.45,46.52,0.0,12617.64,FAILED,2026-08-07 10:00:00
pay_2068,ord_1068,setl_5026,5600.5,CREDIT_CARD,112.01,20.16,0.0,5468.33,CAPTURED,2026-08-07 10:00:00
pay_2069,ord_1069,setl_5027,3681.61,UPI,0.0,0.0,368.16,3313.45,CAPTURED,2026-08-14 10:00:00
pay_2070,ord_1070,setl_5027,10347.56,UPI,0.0,0.0,0.0,10347.56,CAPTURED,2026-08-14 10:00:00
pay_2071,ord_1071,setl_5027,2350.6,DEBIT_CARD,21.16,3.81,235.06,2090.57,CAPTURED,2026-08-14 10:00:00
pay_2072,ord_1072,setl_5027,8683.68,UPI,0.0,0.0,0.0,8683.68,CAPTURED,2026-08-14 10:00:00
pay_2073,ord_1073,setl_5028,4272.27,UPI,0.0,0.0,0.0,4272.27,CAPTURED,2026-08-15 10:00:00
pay_2074,ord_1074,setl_5029,12606.21,DEBIT_CARD,258.65,20.42,0.0,12327.14,CAPTURED,2026-08-09 10:00:00
pay_2075,ord_1075,setl_5029,3751.22,UPI,53.1,0.0,0.0,3698.12,CAPTURED,2026-08-09 10:00:00
pay_2076,ord_1076,setl_5029,4085.61,CREDIT_CARD,81.71,14.71,0.0,3989.19,CAPTURED,2026-08-09 10:00:00
pay_2077,ord_1077,setl_5030,7242.99,UPI,0.0,0.0,0.0,7242.99,CAPTURED,2026-08-16 10:00:00
pay_2078,ord_1078,setl_5030,14474.15,CREDIT_CARD,289.48,52.11,0.0,14132.56,CAPTURED,2026-08-16 10:00:00
pay_2079,ord_1079,setl_5031,13968.86,DEBIT_CARD,125.72,22.63,0.0,13820.51,CAPTURED,2026-08-10 10:00:00
pay_2080,ord_1080,setl_5032,1977.57,CREDIT_CARD,39.55,7.12,0.0,1930.9,CAPTURED,2026-08-07 10:00:00
pay_2081,ord_1081,setl_5032,2255.3,NETBANKING,40.6,7.31,0.0,2207.39,CAPTURED,2026-08-07 10:00:00
pay_2082,ord_1082,setl_5033,7836.43,UPI,0.0,0.0,0.0,7836.43,CAPTURED,2026-08-14 10:00:00
pay_2083,ord_1083,setl_5034,3053.99,DEBIT_CARD,27.49,4.95,0.0,3021.55,CAPTURED,2026-08-15 10:00:00
pay_2084,ord_1084,setl_5034,13834.46,CREDIT_CARD,276.69,49.8,0.0,13507.97,CAPTURED,2026-08-15 10:00:00
pay_2085,ord_1085,setl_5034,9090.88,UPI,0.0,0.0,0.0,9090.88,CAPTURED,2026-08-15 10:00:00
pay_2086,ord_1086,setl_5034,4544.46,DEBIT_CARD,40.9,7.36,0.0,4496.2,CAPTURED,2026-08-15 10:00:00
pay_2087,ord_1087,setl_5035,3136.68,UPI,0.0,0.0,0.0,3136.68,CAPTURED,2026-08-01 10:00:00
pay_2088,ord_1088,setl_5035,13264.64,CREDIT_CARD,265.29,47.75,0.0,12951.6,FAILED,2026-08-01 10:00:00
pay_2089,ord_1089,setl_5035,14246.91,UPI,0.0,0.0,0.0,14246.91,CAPTURED,2026-08-01 10:00:00
pay_2090,ord_1090,setl_5036,11997.53,UPI,0.0,0.0,0.0,11997.53,CAPTURED,2026-08-16 10:00:00
pay_2091,ord_1091,setl_5036,4939.99,DEBIT_CARD,44.46,8.0,0.0,4887.53,CAPTURED,2026-08-16 10:00:00
pay_2092,ord_1092,setl_5036,6669.81,CREDIT_CARD,133.4,24.01,0.0,6512.4,CAPTURED,2026-08-16 10:00:00
pay_2093,ord_1093,setl_5036,4428.29,UPI,0.0,0.0,0.0,4428.29,CAPTURED,2026-08-16 10:00:00
pay_2094,ord_1094,setl_5037,3637.58,DEBIT_CARD,32.74,5.89,0.0,3598.95,CAPTURED,2026-08-18 10:00:00
pay_2095,ord_1095,setl_5037,8107.23,UPI,0.0,0.0,0.0,8107.23,CAPTURED,2026-08-18 10:00:00
pay_2096,ord_1096,setl_5038,4882.88,CREDIT_CARD,153.11,17.58,0.0,4712.19,CAPTURED,2026-08-08 10:00:00
pay_2097,ord_1097,setl_5038,4735.98,NETBANKING,85.25,15.34,0.0,4635.39,CAPTURED,2026-08-08 10:00:00
pay_2098,ord_1098,setl_5039,7441.36,UPI,0.0,0.0,0.0,7441.36,CAPTURED,2026-08-01 10:00:00
pay_2099,ord_1099,setl_5039,12994.98,UPI,0.0,0.0,1299.5,11695.48,CAPTURED,2026-08-01 10:00:00
pay_2100,ord_1100,setl_5039,8866.81,CREDIT_CARD,177.34,31.92,0.0,8657.55,CAPTURED,2026-08-01 10:00:00
pay_2101,ord_1101,setl_5039,14262.32,UPI,0.0,0.0,0.0,14262.32,CAPTURED,2026-08-01 10:00:00
pay_2102,ord_1102,setl_5040,7032.46,UPI,0.0,0.0,0.0,7032.46,CAPTURED,2026-08-14 10:00:00
pay_2103,ord_1103,setl_5040,4928.01,DEBIT_CARD,44.35,7.98,0.0,4875.68,CAPTURED,2026-08-14 10:00:00
pay_2104,ord_1104,setl_5040,14240.06,UPI,0.0,0.0,0.0,14240.06,CAPTURED,2026-08-14 10:00:00
pay_2105,ord_1105,setl_5040,2777.33,UPI,0.0,0.0,277.73,2499.6,FAILED,2026-08-14 10:00:00
pay_2106,ord_1106,setl_5041,973.28,UPI,0.0,0.0,0.0,973.28,CAPTURED,2026-08-15 10:00:00
pay_2107,ord_1107,setl_5041,1532.11,UPI,0.0,0.0,0.0,1532.11,CAPTURED,2026-08-15 10:00:00
pay_2108,ord_1108,setl_5041,9051.95,CREDIT_CARD,181.04,32.59,0.0,8838.32,CAPTURED,2026-08-15 10:00:00
pay_2109,ord_1109,setl_5042,12486.15,UPI,0.0,0.0,0.0,12486.15,CAPTURED,2026-08-08 10:00:00
pay_2110,ord_1110,setl_5042,11359.89,DEBIT_CARD,102.24,18.4,0.0,11239.25,CAPTURED,2026-08-08 10:00:00
pay_2111,ord_1111,setl_5042,10485.83,CREDIT_CARD,209.72,37.75,0.0,10238.36,CAPTURED,2026-08-08 10:00:00
pay_2112,ord_1112,setl_5043,9171.53,CREDIT_CARD,183.43,33.02,0.0,8955.08,CAPTURED,2026-08-16 10:00:00
pay_2113,ord_1113,setl_5044,14447.71,CREDIT_CARD,288.95,52.01,0.0,14106.75,CAPTURED,2026-08-01 10:00:00
pay_2114,ord_1114,setl_5044,14993.8,CREDIT_CARD,425.51,53.98,0.0,14514.31,CAPTURED,2026-08-01 10:00:00
pay_2115,ord_1115,setl_5045,3131.59,DEBIT_CARD,28.18,5.07,0.0,3098.34,CAPTURED,2026-08-16 10:00:00
pay_2116,ord_1116,setl_5045,1823.01,UPI,0.0,0.0,0.0,1823.01,CAPTURED,2026-08-16 10:00:00
pay_2117,ord_1117,setl_5045,12937.13,UPI,0.0,0.0,0.0,12937.13,CAPTURED,2026-08-16 10:00:00
pay_2118,ord_1118,setl_5046,1776.87,UPI,0.0,0.0,0.0,1776.87,CAPTURED,2026-08-13 10:00:00
pay_2119,ord_1119,setl_5046,13041.2,CREDIT_CARD,260.82,46.95,1304.12,11429.31,CAPTURED,2026-08-13 10:00:00
pay_2120,ord_1120,setl_5046,7198.66,UPI,0.0,0.0,0.0,7198.66,CAPTURED,2026-08-13 10:00:00
pay_2121,ord_1121,setl_5046,7728.15,UPI,0.0,0.0,772.82,6955.33,CAPTURED,2026-08-13 10:00:00
pay_2122,ord_1122,setl_5047,13272.28,DEBIT_CARD,119.45,21.5,1327.23,11804.1,CAPTURED,2026-08-05 10:00:00
pay_2123,ord_1123,setl_5047,12090.05,CREDIT_CARD,241.8,43.52,0.0,11804.73,FAILED,2026-08-05 10:00:00
pay_2124,ord_1124,setl_5047,6415.86,UPI,0.0,0.0,0.0,6415.86,CAPTURED,2026-08-05 10:00:00
pay_2125,ord_1125,setl_5047,14232.38,DEBIT_CARD,128.09,23.06,0.0,14081.23,CAPTURED,2026-08-05 10:00:00
pay_2126,ord_1126,setl_5048,12603.5,NETBANKING,226.86,40.83,0.0,12335.81,CAPTURED,2026-08-17 10:00:00
pay_2127,ord_1127,setl_5048,6062.0,NETBANKING,109.12,19.64,0.0,5933.24,CAPTURED,2026-08-17 10:00:00
pay_2128,ord_1128,setl_5048,13028.39,UPI,0.0,0.0,0.0,13028.39,CAPTURED,2026-08-17 10:00:00
pay_2129,ord_1129,setl_5048,14046.6,DEBIT_CARD,126.42,22.76,0.0,13897.42,CAPTURED,2026-08-17 10:00:00
pay_2130,ord_1130,setl_5049,6974.94,DEBIT_CARD,62.77,11.3,0.0,6900.87,CAPTURED,2026-08-10 10:00:00
pay_2131,ord_1131,setl_5049,5969.55,NETBANKING,107.45,19.34,0.0,5842.76,CAPTURED,2026-08-10 10:00:00
pay_2132,ord_1132,setl_5050,12912.19,UPI,0.0,0.0,0.0,12912.19,CAPTURED,2026-08-08 10:00:00
pay_2133,ord_1133,setl_5050,13744.74,UPI,0.0,0.0,0.0,13744.74,CAPTURED,2026-08-08 10:00:00
pay_2134,ord_1134,setl_5051,7783.22,DEBIT_CARD,70.05,12.61,0.0,7700.56,CAPTURED,2026-08-16 10:00:00
pay_2135,ord_1135,setl_5051,6884.44,DEBIT_CARD,61.96,11.15,0.0,6811.33,CAPTURED,2026-08-16 10:00:00
pay_2136,ord_1136,setl_5052,7307.61,NETBANKING,131.54,23.68,0.0,7152.39,CAPTURED,2026-08-14 10:00:00
pay_2137,ord_1137,setl_5053,14335.02,DEBIT_CARD,129.02,23.22,0.0,14182.78,CAPTURED,2026-08-03 10:00:00
pay_2138,ord_1138,setl_5053,8344.73,DEBIT_CARD,75.1,13.52,0.0,8256.11,CAPTURED,2026-08-03 10:00:00
pay_2139,ord_1139,setl_5053,4667.0,UPI,0.0,0.0,466.7,4200.3,CAPTURED,2026-08-03 10:00:00
pay_2140,ord_1140,setl_5053,11525.36,CREDIT_CARD,230.51,41.49,0.0,11253.36,CAPTURED,2026-08-03 10:00:00
pay_2141,ord_1141,setl_5054,5203.43,UPI,0.0,0.0,0.0,5203.43,CAPTURED,2026-08-10 10:00:00
pay_2142,ord_1142,setl_5055,2964.76,UPI,0.0,0.0,0.0,2964.76,CAPTURED,2026-08-17 10:00:00
pay_2143,ord_1143,setl_5055,3992.03,NETBANKING,71.86,12.93,0.0,3907.24,CAPTURED,2026-08-17 10:00:00
pay_2144,ord_1144,setl_5056,10169.19,CREDIT_CARD,203.38,36.61,0.0,9929.2,CAPTURED,2026-08-09 10:00:00
pay_2145,ord_1145,setl_5056,8425.67,UPI,0.0,0.0,0.0,8425.67,CAPTURED,2026-08-09 10:00:00
pay_2146,ord_1146,setl_5056,4837.74,NETBANKING,87.08,15.67,0.0,4734.99,CAPTURED,2026-08-09 10:00:00
pay_2147,ord_1147,setl_5057,12873.36,UPI,0.0,0.0,0.0,12873.36,CAPTURED,2026-08-10 10:00:00
pay_2148,ord_1148,setl_5057,4790.15,CREDIT_CARD,95.8,17.24,479.01,4198.1,CAPTURED,2026-08-10 10:00:00
pay_2149,ord_1149,setl_5057,6239.18,UPI,0.0,0.0,0.0,6239.18,CAPTURED,2026-08-10 10:00:00
pay_2150,ord_1150,setl_5057,14617.24,NETBANKING,263.11,47.36,0.0,14306.77,CAPTURED,2026-08-10 10:00:00
pay_2151,ord_1151,setl_5058,3675.57,UPI,0.0,0.0,0.0,3675.57,CAPTURED,2026-08-10 10:00:00
pay_2152,ord_1152,setl_5058,11628.33,CREDIT_CARD,232.57,41.86,0.0,11353.9,CAPTURED,2026-08-10 10:00:00
pay_2153,ord_1153,setl_5058,9598.14,UPI,86.49,0.0,0.0,9511.65,CAPTURED,2026-08-10 10:00:00
pay_2154,ord_1154,setl_5059,5237.43,UPI,0.0,0.0,0.0,5237.43,CAPTURED,2026-08-05 10:00:00
pay_2155,ord_1155,setl_5059,13208.68,UPI,0.0,0.0,0.0,13208.68,CAPTURED,2026-08-05 10:00:00
pay_2156,ord_1156,setl_5059,2885.89,NETBANKING,51.95,9.35,0.0,2824.59,CAPTURED,2026-08-05 10:00:00
pay_2157,ord_1157,setl_5060,7290.81,UPI,0.0,0.0,0.0,7290.81,CAPTURED,2026-08-10 10:00:00
pay_2158,ord_1158,setl_5061,11964.89,UPI,0.0,0.0,0.0,11964.89,CAPTURED,2026-08-13 10:00:00
pay_2159,ord_1159,setl_5062,2071.02,UPI,0.0,0.0,207.1,1863.92,CAPTURED,2026-08-09 10:00:00
pay_2160,ord_1160,setl_5062,8640.41,NETBANKING,155.53,28.0,0.0,8456.88,CAPTURED,2026-08-09 10:00:00
pay_2161,ord_1161,setl_5062,12445.9,NETBANKING,224.03,40.33,0.0,12181.54,CAPTURED,2026-08-09 10:00:00
pay_2162,ord_1162,setl_5063,4913.29,DEBIT_CARD,44.22,7.96,491.33,4369.78,CAPTURED,2026-08-05 10:00:00
pay_2163,ord_1163,setl_5064,13338.5,CREDIT_CARD,266.77,48.02,0.0,13023.71,CAPTURED,2026-08-12 10:00:00
pay_2164,ord_1164,setl_5064,14116.27,UPI,0.0,0.0,0.0,14116.27,CAPTURED,2026-08-12 10:00:00
pay_2165,ord_1165,setl_5065,1940.64,CREDIT_CARD,38.81,6.99,0.0,1894.84,CAPTURED,2026-08-15 10:00:00
pay_2166,ord_1166,setl_5065,5700.77,UPI,0.0,0.0,0.0,5700.77,CAPTURED,2026-08-15 10:00:00
pay_2167,ord_1167,setl_5065,12796.48,DEBIT_CARD,115.17,20.73,0.0,12660.58,CAPTURED,2026-08-15 10:00:00
pay_2168,ord_1168,setl_5066,4031.75,UPI,0.0,0.0,0.0,4031.75,CAPTURED,2026-08-01 10:00:00
pay_2169,ord_1169,setl_5066,11594.78,UPI,0.0,0.0,0.0,11594.78,CAPTURED,2026-08-01 10:00:00
pay_2170,ord_1170,setl_5066,5264.11,UPI,0.0,0.0,0.0,5264.11,FAILED,2026-08-01 10:00:00
pay_2171,ord_1171,setl_5067,12078.45,UPI,0.0,0.0,0.0,12078.45,CAPTURED,2026-08-05 10:00:00
pay_2172,ord_1172,setl_5067,5694.51,CREDIT_CARD,113.89,20.5,0.0,5560.12,FAILED,2026-08-05 10:00:00
pay_2173,ord_1173,setl_5067,4347.83,UPI,0.0,0.0,0.0,4347.83,CAPTURED,2026-08-05 10:00:00
pay_2174,ord_1174,setl_5068,11781.25,DEBIT_CARD,106.03,19.09,0.0,11656.13,CAPTURED,2026-08-03 10:00:00
pay_2175,ord_1175,setl_5068,14208.53,UPI,0.0,0.0,0.0,14208.53,CAPTURED,2026-08-03 10:00:00
pay_2176,ord_1176,setl_5068,8061.04,DEBIT_CARD,72.55,13.06,0.0,7975.43,CAPTURED,2026-08-03 10:00:00
pay_2177,ord_1177,setl_5068,7445.24,UPI,0.0,0.0,0.0,7445.24,CAPTURED,2026-08-03 10:00:00
pay_2178,ord_1178,setl_5069,1452.39,UPI,0.0,0.0,0.0,1452.39,CAPTURED,2026-08-03 10:00:00
pay_2179,ord_1179,setl_5069,5215.19,NETBANKING,93.87,16.9,0.0,5104.42,CAPTURED,2026-08-03 10:00:00
pay_2180,ord_1180,setl_5070,11999.89,UPI,0.0,0.0,0.0,11999.89,CAPTURED,2026-08-20 10:00:00
pay_2181,ord_1181,setl_5071,7047.55,UPI,0.0,0.0,0.0,7047.55,CAPTURED,2026-08-18 10:00:00
pay_2182,ord_1182,setl_5071,6531.85,UPI,0.0,0.0,0.0,6531.85,CAPTURED,2026-08-18 10:00:00
pay_2183,ord_1183,setl_5071,5927.36,UPI,0.0,0.0,0.0,5927.36,CAPTURED,2026-08-18 10:00:00
pay_2184,ord_1184,setl_5071,12560.69,UPI,0.0,0.0,1256.07,11304.62,CAPTURED,2026-08-18 10:00:00
pay_2185,ord_1185,setl_5072,10215.19,UPI,0.0,0.0,0.0,10215.19,CAPTURED,2026-08-05 10:00:00
pay_2186,ord_1186,setl_5072,6632.58,NETBANKING,119.39,21.49,663.26,5828.44,CAPTURED,2026-08-05 10:00:00
pay_2187,ord_1187,setl_5072,5030.51,UPI,0.0,0.0,0.0,5030.51,CAPTURED,2026-08-05 10:00:00
pay_2188,ord_1188,setl_5073,5576.65,DEBIT_CARD,50.19,9.03,0.0,5517.43,CAPTURED,2026-08-16 10:00:00
pay_2189,ord_1189,setl_5074,9330.43,CREDIT_CARD,186.61,33.59,0.0,9110.23,FAILED,2026-08-08 10:00:00
pay_2190,ord_1190,setl_5075,5589.84,UPI,0.0,0.0,0.0,5589.84,CAPTURED,2026-08-09 10:00:00
pay_2191,ord_1191,setl_5075,1508.99,CREDIT_CARD,30.18,5.43,0.0,1473.38,CAPTURED,2026-08-09 10:00:00
pay_2192,ord_1192,setl_5075,8192.0,UPI,0.0,0.0,0.0,8192.0,CAPTURED,2026-08-09 10:00:00
pay_2193,ord_1193,setl_5076,2755.91,CREDIT_CARD,55.12,9.92,275.59,2415.28,CAPTURED,2026-08-11 10:00:00
pay_2194,ord_1194,setl_5077,6505.66,UPI,0.0,0.0,0.0,6505.66,CAPTURED,2026-08-14 10:00:00
pay_2195,ord_1195,setl_5077,2107.9,CREDIT_CARD,42.16,7.59,0.0,2058.15,CAPTURED,2026-08-14 10:00:00
pay_2196,ord_1196,setl_5077,4972.08,UPI,70.44,0.0,0.0,4901.64,CAPTURED,2026-08-14 10:00:00
pay_2197,ord_1197,setl_5077,14207.2,CREDIT_CARD,284.14,51.15,0.0,13871.91,CAPTURED,2026-08-14 10:00:00
pay_2198,ord_1198,setl_5078,11331.7,UPI,0.0,0.0,0.0,11331.7,CAPTURED,2026-08-04 10:00:00
pay_2199,ord_1199,setl_5078,7753.8,CREDIT_CARD,155.08,27.91,0.0,7570.81,CAPTURED,2026-08-04 10:00:00
pay_2200,ord_1200,setl_5078,12995.58,UPI,0.0,0.0,1299.56,11696.02,CAPTURED,2026-08-04 10:00:00
pay_2201,ord_1201,setl_5078,13000.6,DEBIT_CARD,117.01,21.06,0.0,12862.53,CAPTURED,2026-08-04 10:00:00
pay_2202,ord_1202,setl_5079,802.42,UPI,0.0,0.0,0.0,802.42,CAPTURED,2026-08-10 10:00:00
pay_2203,ord_1203,setl_5079,12564.38,NETBANKING,226.16,40.71,1256.44,11041.07,CAPTURED,2026-08-10 10:00:00
pay_2204,ord_1204,setl_5079,4028.09,DEBIT_CARD,36.25,6.52,0.0,3985.32,CAPTURED,2026-08-10 10:00:00
pay_2205,ord_1205,setl_5079,4998.98,UPI,0.0,0.0,0.0,4998.98,CAPTURED,2026-08-10 10:00:00
pay_2206,ord_1206,setl_5080,13635.88,UPI,0.0,0.0,0.0,13635.88,CAPTURED,2026-08-17 10:00:00
pay_2207,ord_1207,setl_5080,12318.04,UPI,0.0,0.0,0.0,12318.04,CAPTURED,2026-08-17 10:00:00
pay_2208,ord_1208,setl_5081,7227.32,DEBIT_CARD,65.05,11.71,0.0,7150.56,CAPTURED,2026-08-03 10:00:00
pay_2209,ord_1209,setl_5081,13289.7,DEBIT_CARD,119.61,21.53,0.0,13148.56,CAPTURED,2026-08-03 10:00:00
pay_2210,ord_1210,setl_5081,14579.11,UPI,0.0,0.0,0.0,14579.11,CAPTURED,2026-08-03 10:00:00
pay_2211,ord_1211,setl_5081,9655.08,CREDIT_CARD,193.1,34.76,0.0,9427.22,CAPTURED,2026-08-03 10:00:00
pay_2212,ord_1212,setl_5082,1045.31,UPI,0.0,0.0,0.0,1045.31,CAPTURED,2026-08-10 10:00:00
pay_2213,ord_1213,setl_5082,14671.84,UPI,0.0,0.0,0.0,14671.84,CAPTURED,2026-08-10 10:00:00
pay_2214,ord_1214,setl_5082,8914.78,NETBANKING,301.37,28.88,0.0,8584.53,CAPTURED,2026-08-10 10:00:00
pay_2215,ord_1215,setl_5082,8789.02,UPI,0.0,0.0,0.0,8789.02,CAPTURED,2026-08-10 10:00:00
pay_2216,ord_1216,setl_5083,12259.02,CREDIT_CARD,245.18,44.13,0.0,11969.71,CAPTURED,2026-08-02 10:00:00
pay_2217,ord_1217,setl_5084,14869.3,DEBIT_CARD,133.82,24.09,0.0,14711.39,CAPTURED,2026-08-02 10:00:00
pay_2218,ord_1218,setl_5084,13810.08,UPI,0.0,0.0,0.0,13810.08,CAPTURED,2026-08-02 10:00:00
pay_2219,ord_1219,setl_5084,1259.3,DEBIT_CARD,11.33,2.04,0.0,1245.93,CAPTURED,2026-08-02 10:00:00
pay_2220,ord_1220,setl_5084,8590.47,UPI,0.0,0.0,0.0,8590.47,CAPTURED,2026-08-02 10:00:00
pay_2221,ord_1221,setl_5085,1681.78,CREDIT_CARD,33.64,6.06,0.0,1642.08,CAPTURED,2026-08-20 10:00:00
pay_2222,ord_1222,setl_5085,10012.79,CREDIT_CARD,200.26,36.05,0.0,9776.48,CAPTURED,2026-08-20 10:00:00
pay_2223,ord_1223,setl_5085,1728.43,DEBIT_CARD,15.56,2.8,0.0,1710.07,CAPTURED,2026-08-20 10:00:00
pay_2224,ord_1224,setl_5086,7873.08,UPI,0.0,0.0,0.0,7873.08,CAPTURED,2026-08-05 10:00:00
pay_2225,ord_1225,setl_5086,5455.12,CREDIT_CARD,109.1,19.64,0.0,5326.38,CAPTURED,2026-08-05 10:00:00
pay_2226,ord_1226,setl_5086,2746.71,UPI,0.0,0.0,0.0,2746.71,CAPTURED,2026-08-05 10:00:00
pay_2227,ord_1227,setl_5086,8326.68,CREDIT_CARD,166.53,29.98,0.0,8130.17,CAPTURED,2026-08-05 10:00:00
pay_2228,ord_1228,setl_5087,2852.58,CREDIT_CARD,57.05,10.27,0.0,2785.26,CAPTURED,2026-08-20 10:00:00
pay_2229,ord_1229,setl_5087,2900.32,UPI,0.0,0.0,0.0,2900.32,CAPTURED,2026-08-20 10:00:00
pay_2230,ord_1230,setl_5088,11409.67,CREDIT_CARD,228.19,41.07,0.0,11140.41,CAPTURED,2026-08-08 10:00:00
pay_2231,ord_1231,setl_5088,14501.15,CREDIT_CARD,290.02,52.2,0.0,14158.93,CAPTURED,2026-08-08 10:00:00
pay_2232,ord_1232,setl_5088,10335.45,DEBIT_CARD,93.02,16.74,0.0,10225.69,CAPTURED,2026-08-08 10:00:00
pay_2233,ord_1233,setl_5089,12344.92,CREDIT_CARD,246.9,44.44,0.0,12053.58,CAPTURED,2026-08-13 10:00:00
pay_2234,ord_1234,setl_5089,9797.1,CREDIT_CARD,195.94,35.27,0.0,9565.89,CAPTURED,2026-08-13 10:00:00
pay_2235,ord_1235,setl_5090,4455.47,NETBANKING,80.2,14.44,0.0,4360.83,CAPTURED,2026-08-10 10:00:00
pay_2236,ord_1236,setl_5090,14222.99,UPI,0.0,0.0,0.0,14222.99,CAPTURED,2026-08-10 10:00:00
pay_2237,ord_1237,setl_5091,6099.41,UPI,0.0,0.0,0.0,6099.41,CAPTURED,2026-08-13 10:00:00
pay_2238,ord_1238,setl_5091,1936.71,CREDIT_CARD,38.73,6.97,0.0,1891.01,CAPTURED,2026-08-13 10:00:00
pay_2239,ord_1239,setl_5092,10593.04,UPI,0.0,0.0,0.0,10593.04,CAPTURED,2026-08-02 10:00:00
pay_2240,ord_1240,setl_5092,576.14,UPI,0.0,0.0,0.0,576.14,CAPTURED,2026-08-02 10:00:00
pay_2241,ord_1241,setl_5092,8457.66,CREDIT_CARD,169.15,30.45,0.0,8258.06,CAPTURED,2026-08-02 10:00:00
pay_2242,ord_1242,setl_5092,4677.47,UPI,0.0,0.0,467.75,4209.72,CAPTURED,2026-08-02 10:00:00
pay_2243,ord_1243,setl_5093,2107.44,NETBANKING,37.93,6.83,0.0,2062.68,FAILED,2026-08-20 10:00:00
pay_2244,ord_1244,setl_5094,4723.44,UPI,0.0,0.0,0.0,4723.44,CAPTURED,2026-08-17 10:00:00
pay_2245,ord_1245,setl_5094,3216.05,CREDIT_CARD,64.32,11.58,0.0,3140.15,CAPTURED,2026-08-17 10:00:00
pay_2246,ord_1246,setl_5095,13163.31,UPI,0.0,0.0,0.0,13163.31,CAPTURED,2026-08-17 10:00:00
pay_2247,ord_1247,setl_5095,11336.09,UPI,0.0,0.0,1133.61,10202.48,CAPTURED,2026-08-17 10:00:00
pay_2248,ord_1248,setl_5095,10028.01,UPI,0.0,0.0,0.0,10028.01,CAPTURED,2026-08-17 10:00:00
pay_2249,ord_1249,setl_5095,2434.44,UPI,0.0,0.0,0.0,2434.44,CAPTURED,2026-08-17 10:00:00
pay_2250,ord_1250,setl_5096,12266.72,UPI,0.0,0.0,0.0,12266.72,CAPTURED,2026-08-15 10:00:00
pay_2251,ord_1251,setl_5096,4754.92,UPI,143.34,0.0,0.0,4611.58,CAPTURED,2026-08-15 10:00:00
pay_2252,ord_1252,setl_5097,4173.05,CREDIT_CARD,83.46,15.02,0.0,4074.57,CAPTURED,2026-08-17 10:00:00
pay_2253,ord_1253,setl_5097,11822.2,CREDIT_CARD,236.44,42.56,0.0,11543.2,CAPTURED,2026-08-17 10:00:00
pay_2254,ord_1254,setl_5097,5836.28,CREDIT_CARD,116.73,21.01,0.0,5698.54,CAPTURED,2026-08-17 10:00:00
pay_2255,ord_1255,setl_5097,6106.35,NETBANKING,109.91,19.78,0.0,5976.66,CAPTURED,2026-08-17 10:00:00
pay_2256,ord_1256,setl_5098,11042.68,UPI,0.0,0.0,0.0,11042.68,CAPTURED,2026-08-17 10:00:00
pay_2257,ord_1257,setl_5099,1661.0,CREDIT_CARD,33.22,5.98,0.0,1621.8,CAPTURED,2026-08-10 10:00:00
pay_2258,ord_1258,setl_5100,5597.43,UPI,0.0,0.0,0.0,5597.43,CAPTURED,2026-08-14 10:00:00
pay_2259,ord_1259,setl_5100,14973.18,UPI,0.0,0.0,0.0,14973.18,CAPTURED,2026-08-14 10:00:00
pay_2260,ord_1260,setl_5100,1588.1,DEBIT_CARD,14.29,2.57,0.0,1571.24,CAPTURED,2026-08-14 10:00:00
pay_2261,ord_1261,setl_5100,10351.45,NETBANKING,186.33,33.54,0.0,10131.58,CAPTURED,2026-08-14 10:00:00
pay_2262,ord_1262,setl_5101,3921.93,DEBIT_CARD,35.3,6.35,0.0,3880.28,CAPTURED,2026-08-02 10:00:00
pay_2263,ord_1263,setl_5102,14257.94,UPI,0.0,0.0,0.0,14257.94,CAPTURED,2026-08-02 10:00:00
pay_2264,ord_1264,setl_5102,8177.17,UPI,0.0,0.0,0.0,8177.17,CAPTURED,2026-08-02 10:00:00
pay_2265,ord_1265,setl_5102,2145.0,CREDIT_CARD,42.9,7.72,0.0,2094.38,CAPTURED,2026-08-02 10:00:00
pay_2266,ord_1266,setl_5102,8644.25,UPI,0.0,0.0,0.0,8644.25,CAPTURED,2026-08-02 10:00:00
pay_2267,ord_1267,setl_5103,3402.59,UPI,0.0,0.0,340.26,3062.33,CAPTURED,2026-08-20 10:00:00
pay_2268,ord_1268,setl_5103,10843.86,NETBANKING,195.19,35.13,0.0,10613.54,CAPTURED,2026-08-20 10:00:00
pay_2269,ord_1269,setl_5103,14805.33,CREDIT_CARD,296.11,53.3,0.0,14455.92,CAPTURED,2026-08-20 10:00:00
pay_2270,ord_1270,setl_5103,4710.25,UPI,0.0,0.0,0.0,4710.25,CAPTURED,2026-08-20 10:00:00
pay_2271,ord_1271,setl_5104,2259.76,UPI,0.0,0.0,0.0,2259.76,CAPTURED,2026-08-06 10:00:00
pay_2272,ord_1272,setl_5104,881.12,DEBIT_CARD,7.93,1.43,0.0,871.76,CAPTURED,2026-08-06 10:00:00
pay_2273,ord_1273,setl_5105,1453.35,UPI,0.0,0.0,0.0,1453.35,CAPTURED,2026-08-18 10:00:00
pay_2274,ord_1274,setl_5106,2317.24,UPI,0.0,0.0,231.72,2085.52,CAPTURED,2026-08-14 10:00:00
pay_2275,ord_1275,setl_5107,6772.97,NETBANKING,121.91,21.94,677.3,5951.82,CAPTURED,2026-08-05 10:00:00
pay_2276,ord_1276,setl_5107,2718.72,UPI,0.0,0.0,0.0,2718.72,CAPTURED,2026-08-05 10:00:00
pay_2277,ord_1277,setl_5108,4133.78,DEBIT_CARD,37.2,6.7,0.0,4089.88,CAPTURED,2026-08-12 10:00:00
pay_2278,ord_1278,setl_5109,9081.22,DEBIT_CARD,81.73,14.71,0.0,8984.78,CAPTURED,2026-08-10 10:00:00
pay_2279,ord_1279,setl_5109,13579.01,UPI,136.38,0.0,0.0,13442.63,CAPTURED,2026-08-10 10:00:00
pay_2280,ord_1280,setl_5110,9941.38,CREDIT_CARD,198.83,35.79,0.0,9706.76,CAPTURED,2026-08-03 10:00:00
pay_2281,ord_1281,setl_5110,7721.55,DEBIT_CARD,69.49,12.51,0.0,7639.55,CAPTURED,2026-08-03 10:00:00
pay_2282,ord_1282,setl_5110,7502.7,CREDIT_CARD,150.05,27.01,0.0,7325.64,CAPTURED,2026-08-03 10:00:00
pay_2283,ord_1283,setl_5111,7521.64,UPI,0.0,0.0,0.0,7521.64,CAPTURED,2026-08-06 10:00:00
pay_2284,ord_1284,setl_5111,10916.26,CREDIT_CARD,218.33,39.3,0.0,10658.63,CAPTURED,2026-08-06 10:00:00
pay_2285,ord_1285,setl_5111,2396.11,UPI,0.0,0.0,0.0,2396.11,CAPTURED,2026-08-06 10:00:00
pay_2286,ord_1286,setl_5111,7263.85,UPI,0.0,0.0,0.0,7263.85,CAPTURED,2026-08-06 10:00:00
pay_2287,ord_1287,setl_5112,4099.92,CREDIT_CARD,82.0,14.76,0.0,4003.16,CAPTURED,2026-08-10 10:00:00
pay_2288,ord_1288,setl_5112,8876.46,UPI,0.0,0.0,0.0,8876.46,CAPTURED,2026-08-10 10:00:00
pay_2289,ord_1289,setl_5112,7963.51,DEBIT_CARD,71.67,12.9,0.0,7878.94,FAILED,2026-08-10 10:00:00
pay_2290,ord_1290,setl_5112,14205.88,DEBIT_CARD,127.85,23.01,0.0,14055.02,CAPTURED,2026-08-10 10:00:00
pay_2291,ord_1291,setl_5113,4579.67,DEBIT_CARD,41.22,7.42,0.0,4531.03,CAPTURED,2026-08-12 10:00:00
pay_2292,ord_1292,setl_5114,6748.45,CREDIT_CARD,134.97,24.29,0.0,6589.19,CAPTURED,2026-08-10 10:00:00
pay_2293,ord_1293,setl_5115,1241.79,DEBIT_CARD,11.18,2.01,0.0,1228.6,CAPTURED,2026-08-12 10:00:00
pay_2294,ord_1294,setl_5115,6102.06,DEBIT_CARD,54.92,9.89,0.0,6037.25,CAPTURED,2026-08-12 10:00:00
pay_2295,ord_1295,setl_5115,9537.0,DEBIT_CARD,85.83,15.45,0.0,9435.72,CAPTURED,2026-08-12 10:00:00
pay_2296,ord_1296,setl_5115,5911.38,NETBANKING,106.4,19.15,0.0,5785.83,CAPTURED,2026-08-12 10:00:00
pay_2297,ord_1297,setl_5116,7751.13,UPI,0.0,0.0,0.0,7751.13,CAPTURED,2026-08-05 10:00:00
pay_2298,ord_1298,setl_5116,7369.29,DEBIT_CARD,66.32,11.94,0.0,7291.03,CAPTURED,2026-08-05 10:00:00
pay_2299,ord_1299,setl_5116,5255.5,DEBIT_CARD,47.3,8.51,0.0,5199.69,CAPTURED,2026-08-05 10:00:00
pay_2300,ord_1300,setl_5116,11220.13,UPI,0.0,0.0,0.0,11220.13,CAPTURED,2026-08-05 10:00:00
pay_2301,ord_1301,setl_5117,12328.36,UPI,0.0,0.0,0.0,12328.36,CAPTURED,2026-08-19 10:00:00
pay_2302,ord_1302,setl_5117,8963.68,CREDIT_CARD,179.27,32.27,0.0,8752.14,CAPTURED,2026-08-19 10:00:00
pay_2303,ord_1303,setl_5117,886.38,DEBIT_CARD,7.98,1.44,0.0,876.96,CAPTURED,2026-08-19 10:00:00
pay_2304,ord_1304,setl_5117,11754.35,DEBIT_CARD,105.79,19.04,0.0,11629.52,CAPTURED,2026-08-19 10:00:00
pay_2305,ord_1305,setl_5118,12414.09,UPI,0.0,0.0,0.0,12414.09,CAPTURED,2026-08-17 10:00:00
pay_2306,ord_1306,setl_5118,3266.37,UPI,0.0,0.0,0.0,3266.37,CAPTURED,2026-08-17 10:00:00
pay_2307,ord_1307,setl_5119,13155.86,CREDIT_CARD,263.12,47.36,1315.59,11529.79,CAPTURED,2026-08-07 10:00:00
pay_2308,ord_1308,setl_5119,3506.45,UPI,0.0,0.0,0.0,3506.45,CAPTURED,2026-08-07 10:00:00
pay_2309,ord_1309,setl_5119,5049.41,UPI,0.0,0.0,0.0,5049.41,CAPTURED,2026-08-07 10:00:00
pay_2310,ord_1310,setl_5119,5637.16,CREDIT_CARD,112.74,20.29,0.0,5504.13,CAPTURED,2026-08-07 10:00:00
pay_2311,ord_1311,setl_5120,14381.39,UPI,0.0,0.0,0.0,14381.39,CAPTURED,2026-08-09 10:00:00
pay_2312,ord_1312,setl_5120,14742.77,CREDIT_CARD,294.86,53.07,0.0,14394.84,CAPTURED,2026-08-09 10:00:00
pay_2313,ord_1313,setl_5121,8627.07,NETBANKING,155.29,27.95,0.0,8443.83,CAPTURED,2026-08-11 10:00:00
pay_2314,ord_1314,setl_5121,8815.41,DEBIT_CARD,79.34,14.28,0.0,8721.79,CAPTURED,2026-08-11 10:00:00
pay_2315,ord_1315,setl_5121,5504.45,CREDIT_CARD,255.62,19.82,0.0,5229.01,CAPTURED,2026-08-11 10:00:00
pay_2316,ord_1316,setl_5122,10011.59,CREDIT_CARD,200.23,36.04,0.0,9775.32,CAPTURED,2026-08-03 10:00:00
pay_2317,ord_1317,setl_5122,4431.42,DEBIT_CARD,39.88,7.18,0.0,4384.36,CAPTURED,2026-08-03 10:00:00
pay_2318,ord_1318,setl_5122,11242.92,UPI,0.0,0.0,1124.29,10118.63,CAPTURED,2026-08-03 10:00:00
pay_2319,ord_1319,setl_5122,3772.24,UPI,0.0,0.0,0.0,3772.24,CAPTURED,2026-08-03 10:00:00
pay_2320,ord_1320,setl_5123,575.13,DEBIT_CARD,5.18,0.93,0.0,569.02,CAPTURED,2026-08-16 10:00:00
pay_2321,ord_1321,setl_5123,14057.97,CREDIT_CARD,281.16,50.61,0.0,13726.2,CAPTURED,2026-08-16 10:00:00
pay_2322,ord_1322,setl_5124,9865.52,NETBANKING,177.58,31.96,986.55,8669.43,CAPTURED,2026-08-10 10:00:00
pay_2323,ord_1323,setl_5124,8259.71,CREDIT_CARD,165.19,29.73,0.0,8064.79,CAPTURED,2026-08-10 10:00:00
pay_2324,ord_1324,setl_5124,3038.44,CREDIT_CARD,60.77,10.94,0.0,2966.73,CAPTURED,2026-08-10 10:00:00
pay_2325,ord_1325,setl_5125,14080.83,NETBANKING,253.45,45.62,0.0,13781.76,CAPTURED,2026-08-13 10:00:00
pay_2326,ord_1326,setl_5125,634.37,DEBIT_CARD,5.71,1.03,0.0,627.63,CAPTURED,2026-08-13 10:00:00
pay_2327,ord_1327,setl_5126,13394.27,UPI,0.0,0.0,0.0,13394.27,CAPTURED,2026-08-10 10:00:00
pay_2328,ord_1328,setl_5126,12227.8,UPI,0.0,0.0,0.0,12227.8,CAPTURED,2026-08-10 10:00:00
pay_2329,ord_1329,setl_5126,10919.67,UPI,0.0,0.0,0.0,10919.67,CAPTURED,2026-08-10 10:00:00
pay_2330,ord_1330,setl_5126,10278.82,UPI,0.0,0.0,0.0,10278.82,CAPTURED,2026-08-10 10:00:00
pay_2331,ord_1331,setl_5127,1757.7,CREDIT_CARD,35.15,6.33,0.0,1716.22,CAPTURED,2026-08-13 10:00:00
pay_2332,ord_1332,setl_5127,5192.22,UPI,0.0,0.0,0.0,5192.22,CAPTURED,2026-08-13 10:00:00
pay_2333,ord_1333,setl_5127,11429.47,NETBANKING,205.73,37.03,0.0,11186.71,CAPTURED,2026-08-13 10:00:00
pay_2334,ord_1334,setl_5128,10545.14,UPI,0.0,0.0,0.0,10545.14,CAPTURED,2026-08-01 10:00:00
pay_2335,ord_1335,setl_5128,6378.54,DEBIT_CARD,57.41,10.33,0.0,6310.8,CAPTURED,2026-08-01 10:00:00
pay_2336,ord_1336,setl_5128,5009.18,UPI,0.0,0.0,0.0,5009.18,CAPTURED,2026-08-01 10:00:00
pay_2337,ord_1337,setl_5129,14381.73,DEBIT_CARD,129.44,23.3,0.0,14228.99,CAPTURED,2026-08-20 10:00:00
pay_2338,ord_1338,setl_5129,5917.56,CREDIT_CARD,118.35,21.3,0.0,5777.91,CAPTURED,2026-08-20 10:00:00
pay_2339,ord_1339,setl_5130,8158.51,UPI,0.0,0.0,0.0,8158.51,CAPTURED,2026-08-08 10:00:00
pay_2340,ord_1340,setl_5130,12517.22,NETBANKING,225.31,40.56,0.0,12251.35,CAPTURED,2026-08-08 10:00:00
pay_2341,ord_1341,setl_5130,2885.79,CREDIT_CARD,57.72,10.39,0.0,2817.68,CAPTURED,2026-08-08 10:00:00
pay_2342,ord_1342,setl_5130,10895.31,DEBIT_CARD,98.06,17.65,0.0,10779.6,CAPTURED,2026-08-08 10:00:00
pay_2343,ord_1343,setl_5131,7942.09,DEBIT_CARD,71.48,12.87,794.21,7063.53,CAPTURED,2026-08-02 10:00:00
pay_2344,ord_1344,setl_5131,12200.27,CREDIT_CARD,244.01,43.92,0.0,11912.34,CAPTURED,2026-08-02 10:00:00
pay_2345,ord_1345,setl_5132,6643.61,CREDIT_CARD,132.87,23.92,0.0,6486.82,CAPTURED,2026-08-19 10:00:00
pay_2346,ord_1346,setl_5133,4662.82,UPI,0.0,0.0,0.0,4662.82,CAPTURED,2026-08-03 10:00:00
pay_2347,ord_1347,setl_5134,7003.79,NETBANKING,126.07,22.69,0.0,6855.03,CAPTURED,2026-08-14 10:00:00
pay_2348,ord_1348,setl_5134,14480.09,CREDIT_CARD,289.6,52.13,0.0,14138.36,CAPTURED,2026-08-14 10:00:00
pay_2349,ord_1349,setl_5134,2220.18,NETBANKING,39.96,7.19,0.0,2173.03,CAPTURED,2026-08-14 10:00:00
pay_2350,ord_1350,setl_5134,14691.5,CREDIT_CARD,293.83,52.89,0.0,14344.78,CAPTURED,2026-08-14 10:00:00
pay_2351,ord_1351,setl_5135,4088.92,UPI,0.0,0.0,0.0,4088.92,CAPTURED,2026-08-14 10:00:00
pay_2352,ord_1352,setl_5135,11012.85,UPI,0.0,0.0,0.0,11012.85,CAPTURED,2026-08-14 10:00:00
pay_2353,ord_1353,setl_5136,1475.72,DEBIT_CARD,13.28,2.39,0.0,1460.05,CAPTURED,2026-08-01 10:00:00
pay_2354,ord_1354,setl_5136,13147.08,UPI,0.0,0.0,1314.71,11832.37,CAPTURED,2026-08-01 10:00:00
pay_2355,ord_1355,setl_5137,2531.97,NETBANKING,45.58,8.2,0.0,2478.19,CAPTURED,2026-08-18 10:00:00
pay_2356,ord_1356,setl_5138,3935.11,CREDIT_CARD,78.7,14.17,0.0,3842.24,CAPTURED,2026-08-19 10:00:00
pay_2357,ord_1357,setl_5138,6496.62,UPI,0.0,0.0,0.0,6496.62,CAPTURED,2026-08-19 10:00:00
pay_2358,ord_1358,setl_5138,11160.58,UPI,0.0,0.0,0.0,11160.58,CAPTURED,2026-08-19 10:00:00
pay_2359,ord_1359,setl_5139,11894.17,UPI,0.0,0.0,0.0,11894.17,CAPTURED,2026-08-02 10:00:00
pay_2360,ord_1360,setl_5139,5958.67,CREDIT_CARD,119.17,21.45,0.0,5818.05,CAPTURED,2026-08-02 10:00:00
pay_2361,ord_1361,setl_5139,4860.68,CREDIT_CARD,97.21,17.5,0.0,4745.97,CAPTURED,2026-08-02 10:00:00
pay_2362,ord_1362,setl_5139,8654.6,NETBANKING,155.78,28.04,0.0,8470.78,CAPTURED,2026-08-02 10:00:00
pay_2363,ord_1363,setl_5140,5288.81,UPI,0.0,0.0,0.0,5288.81,CAPTURED,2026-08-08 10:00:00
pay_2364,ord_1364,setl_5140,8266.72,CREDIT_CARD,165.33,29.76,826.67,7244.96,CAPTURED,2026-08-08 10:00:00
pay_2365,ord_1365,setl_5141,7451.22,CREDIT_CARD,149.02,26.82,0.0,7275.38,CAPTURED,2026-08-03 10:00:00
pay_2366,ord_1366,setl_5141,722.34,NETBANKING,13.0,2.34,0.0,707.0,CAPTURED,2026-08-03 10:00:00
pay_2367,ord_1367,setl_5142,6251.16,UPI,0.0,0.0,0.0,6251.16,CAPTURED,2026-08-16 10:00:00
pay_2368,ord_1368,setl_5142,7260.63,DEBIT_CARD,65.35,11.76,0.0,7183.52,CAPTURED,2026-08-16 10:00:00
pay_2369,ord_1369,setl_5143,13757.79,UPI,0.0,0.0,0.0,13757.79,CAPTURED,2026-08-04 10:00:00
pay_2370,ord_1370,setl_5143,3708.47,UPI,0.0,0.0,0.0,3708.47,CAPTURED,2026-08-04 10:00:00
pay_2371,ord_1371,setl_5143,8897.57,UPI,0.0,0.0,0.0,8897.57,CAPTURED,2026-08-04 10:00:00
pay_2372,ord_1372,setl_5144,8484.32,NETBANKING,152.72,27.49,0.0,8304.11,CAPTURED,2026-08-13 10:00:00
pay_2373,ord_1373,setl_5144,7585.01,CREDIT_CARD,151.7,27.31,0.0,7406.0,CAPTURED,2026-08-13 10:00:00
pay_2374,ord_1374,setl_5144,11125.2,UPI,0.0,0.0,0.0,11125.2,CAPTURED,2026-08-13 10:00:00
pay_2375,ord_1375,setl_5144,3168.69,CREDIT_CARD,63.37,11.41,0.0,3093.91,CAPTURED,2026-08-13 10:00:00
pay_2376,ord_1376,setl_5145,14205.23,CREDIT_CARD,284.1,51.14,0.0,13869.99,CAPTURED,2026-08-17 10:00:00
pay_2377,ord_1377,setl_5146,632.55,DEBIT_CARD,5.69,1.02,0.0,625.84,CAPTURED,2026-08-08 10:00:00
pay_2378,ord_1378,setl_5146,10167.94,DEBIT_CARD,91.51,16.47,0.0,10059.96,CAPTURED,2026-08-08 10:00:00
pay_2379,ord_1379,setl_5147,742.53,CREDIT_CARD,14.85,2.67,0.0,725.01,CAPTURED,2026-08-01 10:00:00
pay_2380,ord_1380,setl_5148,2051.74,UPI,0.0,0.0,0.0,2051.74,CAPTURED,2026-08-17 10:00:00
pay_2381,ord_1381,setl_5148,8133.61,CREDIT_CARD,162.67,29.28,0.0,7941.66,CAPTURED,2026-08-17 10:00:00
pay_2382,ord_1382,setl_5149,8692.53,NETBANKING,156.47,28.16,0.0,8507.9,CAPTURED,2026-08-12 10:00:00
pay_2383,ord_1383,setl_5149,12794.07,CREDIT_CARD,255.88,46.06,0.0,12492.13,CAPTURED,2026-08-12 10:00:00
pay_2384,ord_1384,setl_5149,1855.76,UPI,50.95,0.0,0.0,1804.81,CAPTURED,2026-08-12 10:00:00
pay_2385,ord_1385,setl_5149,2985.06,DEBIT_CARD,26.87,4.84,0.0,2953.35,CAPTURED,2026-08-12 10:00:00
