order_id,amount,currency,status,created_at
ord_1000,11515.24,INR,COMPLETED,2026-08-07 10:00:00
ord_1001,13439.66,INR,COMPLETED,2026-08-07 10:00:00
ord_1002,12324.24,INR,COMPLETED,2026-08-07 10:00:00
ord_1003,4957.08,INR,COMPLETED,2026-08-07 10:00:00
ord_1004,8381.13,INR,COMPLETED,2026-08-05 10:00:00
ord_1005,12461.41,INR,COMPLETED,2026-08-09 10:00:00
ord_1006,7917.37,INR,COMPLETED,2026-08-18 10:00:00
ord_1007,13726.42,INR,COMPLETED,2026-08-14 10:00:00
ord_1008,6088.05,INR,COMPLETED,2026-08-01 10:00:00
ord_1009,5622.99,INR,COMPLETED,2026-08-01 10:00:00
ord_1010,4659.27,INR,COMPLETED,2026-08-01 10:00:00
ord_1011,13864.52,INR,COMPLETED,2026-08-01 10:00:00
ord_1012,2958.61,INR,COMPLETED,2026-08-13 10:00:00
ord_1013,2096.97,INR,COMPLETED,2026-08-13 10:00:00
ord_1014,1975.18,INR,COMPLETED,2026-08-13 10:00:00
ord_1015,14359.81,INR,COMPLETED,2026-08-13 10:00:00
ord_1016,5727.16,INR,COMPLETED,2026-08-03 10:00:00
ord_1017,3081.98,INR,COMPLETED,2026-08-03 10:00:00
ord_1018,8191.97,INR,COMPLETED,2026-08-03 10:00:00
ord_1019,2678.19,INR,COMPLETED,2026-08-20 10:00:00
ord_1020,10175.46,INR,COMPLETED,2026-08-20 10:00:00
ord_1021,4872.67,INR,COMPLETED,2026-08-20 10:00:00
ord_1022,12354.66,INR,COMPLETED,2026-08-20 10:00:00
ord_1023,13785.4,INR,COMPLETED,2026-08-12 10:00:00
ord_1024,10095.11,INR,COMPLETED,2026-08-12 10:00:00
ord_1025,14026.79,INR,COMPLETED,2026-08-12 10:00:00
ord_1026,11777.87,INR,COMPLETED,2026-08-03 10:00:00
ord_1027,2625.54,INR,COMPLETED,2026-08-03 10:00:00
ord_1028,10959.48,INR,COMPLETED,2026-08-05 10:00:00
ord_1029,11890.42,INR,COMPLETED,2026-08-05 10:00:00
ord_1030,7437.26,INR,COMPLETED,2026-08-05 10:00:00
ord_1031,1476.05,INR,COMPLETED,2026-08-05 10:00:00
ord_1032,2597.68,INR,COMPLETED,2026-08-19 10:00:00
ord_1033,5184.27,INR,COMPLETED,2026-08-19 10:00:00
ord_1034,2349.27,INR,COMPLETED,2026-08-19 10:00:00
ord_1035,7665.99,INR,COMPLETED,2026-08-13 10:00:00
ord_1036,7478.68,INR,COMPLETED,2026-08-13 10:00:00
ord_1037,14606.31,INR,COMPLETED,2026-08-13 10:00:00
ord_1038,12131.04,INR,COMPLETED,2026-08-20 10:00:00
ord_1039,9982.34,INR,COMPLETED,2026-08-20 10:00:00
ord_1040,6077.1,INR,COMPLETED,2026-08-16 10:00:00
ord_1041,8923.98,INR,COMPLETED,2026-08-16 10:00:00
ord_1042,3910.3,INR,COMPLETED,2026-08-14 10:00:00
ord_1043,5754.78,INR,COMPLETED,2026-08-01 10:00:00
ord_1044,13714.75,INR,COMPLETED,2026-08-05 10:00:00
ord_1045,7175.63,INR,COMPLETED,2026-08-12 10:00:00
ord_1046,12611.16,INR,COMPLETED,2026-08-12 10:00:00
ord_1047,8496.76,INR,COMPLETED,2026-08-12 10:00:00
ord_1048,12503.42,INR,COMPLETED,2026-08-14 10:00:00
ord_1049,1310.05,INR,COMPLETED,2026-08-14 10:00:00
ord_1050,5973.18,INR,COMPLETED,2026-08-05 10:00:00
ord_1051,882.03,INR,COMPLETED,2026-08-05 10:00:00
ord_1052,10670.33,INR,COMPLETED,2026-08-14 10:00:00
ord_1053,2629.86,INR,COMPLETED,2026-08-16 10:00:00
ord_1054,680.93,INR,COMPLETED,2026-08-03 10:00:00
ord_1055,7311.59,INR,COMPLETED,2026-08-14 10:00:00
ord_1056,2531.63,INR,COMPLETED,2026-08-14 10:00:00
ord_1057,10977.08,INR,COMPLETED,2026-08-10 10:00:00
ord_1058,6937.62,INR,COMPLETED,2026-08-10 10:00:00
ord_1059,9850.28,INR,COMPLETED,2026-08-10 10:00:00
ord_1060,691.54,INR,COMPLETED,2026-08-10 10:00:00
ord_1061,13276.78,INR,COMPLETED,2026-08-04 10:00:00
ord_1062,657.58,INR,COMPLETED,2026-08-02 10:00:00
ord_1063,12573.86,INR,COMPLETED,2026-08-02 10:00:00
ord_1064,10785.62,INR,COMPLETED,2026-08-15 10:00:00
ord_1065,6643.22,INR,COMPLETED,2026-08-15 10:00:00
ord_1066,2773.61,INR,COMPLETED,2026-08-15 10:00:00
ord_1067,11275.45,INR,COMPLETED,2026-08-03 10:00:00
ord_1068,6305.84,INR,COMPLETED,2026-08-03 10:00:00
ord_1069,7422.54,INR,COMPLETED,2026-08-06 10:00:00
ord_1070,9964.15,INR,COMPLETED,2026-08-06 10:00:00
ord_1071,6373.95,INR,COMPLETED,2026-08-06 10:00:00
ord_1072,6016.82,INR,COMPLETED,2026-08-06 10:00:00
ord_1073,3323.59,INR,COMPLETED,2026-08-02 10:00:00
ord_1074,2071.81,INR,COMPLETED,2026-08-02 10:00:00
ord_1075,1628.22,INR,COMPLETED,2026-08-02 10:00:00
ord_1076,9246.26,INR,COMPLETED,2026-08-02 10:00:00
ord_1077,4592.0,INR,COMPLETED,2026-08-11 10:00:00
ord_1078,8352.73,INR,COMPLETED,2026-08-11 10:00:00
ord_1079,11469.56,INR,COMPLETED,2026-08-03 10:00:00
ord_1080,9756.64,INR,COMPLETED,2026-08-10 10:00:00
ord_1081,969.32,INR,COMPLETED,2026-08-10 10:00:00
ord_1082,8674.22,INR,COMPLETED,2026-08-09 10:00:00
ord_1083,5061.41,INR,COMPLETED,2026-08-16 10:00:00
ord_1084,11399.35,INR,COMPLETED,2026-08-10 10:00:00
ord_1085,14401.72,INR,COMPLETED,2026-08-10 10:00:00
ord_1086,7753.13,INR,COMPLETED,2026-08-10 10:00:00
ord_1087,14620.84,INR,COMPLETED,2026-08-11 10:00:00
ord_1088,10688.52,INR,COMPLETED,2026-08-11 10:00:00
ord_1089,1912.01,INR,COMPLETED,2026-08-11 10:00:00
ord_1090,843.44,INR,COMPLETED,2026-08-14 10:00:00
ord_1091,12043.0,INR,COMPLETED,2026-08-14 10:00:00
ord_1092,2837.73,INR,COMPLETED,2026-08-16 10:00:00
ord_1093,10394.42,INR,COMPLETED,2026-08-16 10:00:00
ord_1094,1641.92,INR,COMPLETED,2026-08-16 10:00:00
ord_1095,12208.4,INR,COMPLETED,2026-08-03 10:00:00
ord_1096,9986.19,INR,COMPLETED,2026-08-03 10:00:00
ord_1097,11887.6,INR,COMPLETED,2026-08-17 10:00:00
ord_1098,5415.8,INR,COMPLETED,2026-08-17 10:00:00
ord_1099,5724.59,INR,COMPLETED,2026-08-17 10:00:00
ord_1100,12911.31,INR,COMPLETED,2026-08-17 10:00:00
ord_1101,3967.1,INR,COMPLETED,2026-08-14 10:00:00
ord_1102,14956.64,INR,COMPLETED,2026-08-14 10:00:00
ord_1103,9299.72,INR,COMPLETED,2026-08-14 10:00:00
ord_1104,14391.23,INR,COMPLETED,2026-08-14 10:00:00
ord_1105,11611.6,INR,COMPLETED,2026-08-04 10:00:00
ord_1106,4988.36,INR,COMPLETED,2026-08-04 10:00:00
ord_1107,7094.71,INR,COMPLETED,2026-08-03 10:00:00
ord_1108,1488.35,INR,COMPLETED,2026-08-06 10:00:00
ord_1109,8859.42,INR,COMPLETED,2026-08-06 10:00:00
ord_1110,3098.2,INR,COMPLETED,2026-08-12 10:00:00
ord_1111,14688.01,INR,COMPLETED,2026-08-15 10:00:00
ord_1112,11565.62,INR,COMPLETED,2026-08-15 10:00:00
ord_1113,6909.66,INR,COMPLETED,2026-08-15 10:00:00
ord_1114,13900.33,INR,COMPLETED,2026-08-15 10:00:00
ord_1115,5770.35,INR,COMPLETED,2026-08-04 10:00:00
ord_1116,12926.51,INR,COMPLETED,2026-08-10 10:00:00
ord_1117,13798.53,INR,COMPLETED,2026-08-10 10:00:00
ord_1118,2370.27,INR,COMPLETED,2026-08-10 10:00:00
ord_1119,5817.62,INR,COMPLETED,2026-08-10 10:00:00
ord_1120,1710.61,INR,COMPLETED,2026-08-20 10:00:00
ord_1121,6491.32,INR,COMPLETED,2026-08-20 10:00:00
ord_1122,7026.34,INR,COMPLETED,2026-08-20 10:00:00
ord_1123,10646.31,INR,COMPLETED,2026-08-02 10:00:00
ord_1124,8631.61,INR,COMPLETED,2026-08-02 10:00:00
ord_1125,5949.41,INR,COMPLETED,2026-08-05 10:00:00
ord_1126,8766.94,INR,COMPLETED,2026-08-05 10:00:00
ord_1127,12880.52,INR,COMPLETED,2026-08-05 10:00:00
ord_1128,10202.68,INR,COMPLETED,2026-08-08 10:00:00
ord_1129,5559.6,INR,COMPLETED,2026-08-08 10:00:00
ord_1130,7293.09,INR,COMPLETED,2026-08-08 10:00:00
ord_1131,8259.18,INR,COMPLETED,2026-08-08 10:00:00
ord_1132,3113.96,INR,COMPLETED,2026-08-15 10:00:00
ord_1133,6322.05,INR,COMPLETED,2026-08-13 10:00:00
ord_1134,1434.84,INR,COMPLETED,2026-08-13 10:00:00
ord_1135,10683.22,INR,COMPLETED,2026-08-20 10:00:00
ord_1136,7405.18,INR,COMPLETED,2026-08-20 10:00:00
ord_1137,14253.74,INR,COMPLETED,2026-08-15 10:00:00
ord_1138,2609.95,INR,COMPLETED,2026-08-15 10:00:00
ord_1139,14823.26,INR,COMPLETED,2026-08-07 10:00:00
ord_1140,11948.61,INR,COMPLETED,2026-08-13 10:00:00
ord_1141,14689.13,INR,COMPLETED,2026-08-13 10:00:00
ord_1142,3594.6,INR,COMPLETED,2026-08-13 10:00:00
ord_1143,4412.8,INR,COMPLETED,2026-08-07 10:00:00
ord_1144,9717.47,INR,COMPLETED,2026-08-07 10:00:00
ord_1145,1712.07,INR,COMPLETED,2026-08-07 10:00:00
ord_1146,1504.26,INR,COMPLETED,2026-08-07 10:00:00
ord_1147,10209.84,INR,COMPLETED,2026-08-15 10:00:00
ord_1148,4261.98,INR,COMPLETED,2026-08-15 10:00:00
ord_1149,5459.28,INR,COMPLETED,2026-08-02 10:00:00
ord_1150,11421.05,INR,COMPLETED,2026-08-02 10:00:00
ord_1151,2885.73,INR,COMPLETED,2026-08-02 10:00:00
ord_1152,5564.51,INR,COMPLETED,2026-08-02 10:00:00
ord_1153,8264.84,INR,COMPLETED,2026-08-14 10:00:00
ord_1154,11865.93,INR,COMPLETED,2026-08-14 10:00:00
ord_1155,14501.05,INR,COMPLETED,2026-08-14 10:00:00
ord_1156,6833.37,INR,COMPLETED,2026-08-14 10:00:00
ord_1157,8633.17,INR,COMPLETED,2026-08-19 10:00:00
ord_1158,10979.49,INR,COMPLETED,2026-08-20 10:00:00
ord_1159,10128.91,INR,COMPLETED,2026-08-19 10:00:00
ord_1160,12440.81,INR,COMPLETED,2026-08-19 10:00:00
ord_1161,11148.17,INR,COMPLETED,2026-08-19 10:00:00
ord_1162,14040.38,INR,COMPLETED,2026-08-01 10:00:00
ord_1163,7741.96,INR,COMPLETED,2026-08-01 10:00:00
ord_1164,5087.91,INR,COMPLETED,2026-08-01 10:00:00
ord_1165,11984.24,INR,COMPLETED,2026-08-01 10:00:00
ord_1166,14829.46,INR,COMPLETED,2026-08-14 10:00:00
ord_1167,1029.05,INR,COMPLETED,2026-08-05 10:00:00
ord_1168,3633.99,INR,COMPLETED,2026-08-14 10:00:00
ord_1169,3541.56,INR,COMPLETED,2026-08-14 10:00:00
ord_1170,3271.81,INR,COMPLETED,2026-08-14 10:00:00
ord_1171,10354.61,INR,COMPLETED,2026-08-14 10:00:00
ord_1172,4878.19,INR,COMPLETED,2026-08-12 10:00:00
ord_1173,9909.22,INR,COMPLETED,2026-08-10 10:00:00
ord_1174,7111.96,INR,COMPLETED,2026-08-10 10:00:00
ord_1175,6450.61,INR,COMPLETED,2026-08-10 10:00:00
ord_1176,5607.06,INR,COMPLETED,2026-08-10 10:00:00
ord_1177,13932.06,INR,COMPLETED,2026-08-17 10:00:00
ord_1178,3064.98,INR,COMPLETED,2026-08-15 10:00:00
ord_1179,9125.93,INR,COMPLETED,2026-08-15 10:00:00
ord_1180,8370.06,INR,COMPLETED,2026-08-15 10:00:00
ord_1181,9694.55,INR,COMPLETED,2026-08-13 10:00:00
ord_1182,10680.34,INR,COMPLETED,2026-08-13 10:00:00
ord_1183,14099.57,INR,COMPLETED,2026-08-13 10:00:00
ord_1184,13635.3,INR,COMPLETED,2026-08-13 10:00:00
ord_1185,1799.75,INR,COMPLETED,2026-08-04 10:00:00
ord_1186,7697.87,INR,COMPLETED,2026-08-20 10:00:00
ord_1187,10181.8,INR,COMPLETED,2026-08-04 10:00:00
ord_1188,11764.76,INR,COMPLETED,2026-08-14 10:00:00
ord_1189,8498.02,INR,COMPLETED,2026-08-14 10:00:00
ord_1190,14283.0,INR,COMPLETED,2026-08-04 10:00:00
ord_1191,5583.9,INR,COMPLETED,2026-08-04 10:00:00
ord_1192,12009.39,INR,COMPLETED,2026-08-04 10:00:00
ord_1193,7227.23,INR,COMPLETED,2026-08-04 10:00:00
ord_1194,7859.63,INR,COMPLETED,2026-08-01 10:00:00
ord_1195,4380.33,INR,COMPLETED,2026-08-01 10:00:00
ord_1196,560.28,INR,COMPLETED,2026-08-10 10:00:00
ord_1197,13681.36,INR,COMPLETED,2026-08-10 10:00:00
ord_1198,2723.94,INR,COMPLETED,2026-08-02 10:00:00
ord_1199,2970.96,INR,COMPLETED,2026-08-12 10:00:00
ord_1200,8796.72,INR,COMPLETED,2026-08-12 10:00:00
ord_1201,6735.29,INR,COMPLETED,2026-08-12 10:00:00
ord_1202,12513.97,INR,COMPLETED,2026-08-13 10:00:00
ord_1203,12119.31,INR,COMPLETED,2026-08-13 10:00:00
ord_1204,8878.88,INR,COMPLETED,2026-08-13 10:00:00
ord_1205,2368.62,INR,COMPLETED,2026-08-13 10:00:00
ord_1206,13610.48,INR,COMPLETED,2026-08-13 10:00:00
ord_1207,8000.52,INR,COMPLETED,2026-08-13 10:00:00
ord_1208,6842.32,INR,COMPLETED,2026-08-13 10:00:00
ord_1209,1943.88,INR,COMPLETED,2026-08-13 10:00:00
ord_1210,12641.4,INR,COMPLETED,2026-08-19 10:00:00
ord_1211,2806.27,INR,COMPLETED,2026-08-19 10:00:00
ord_1212,5174.87,INR,COMPLETED,2026-08-19 10:00:00
ord_1213,667.3,INR,COMPLETED,2026-08-03 10:00:00
ord_1214,11665.47,INR,COMPLETED,2026-08-03 10:00:00
ord_1215,2719.2,INR,COMPLETED,2026-08-03 10:00:00
ord_1216,9462.44,INR,COMPLETED,2026-08-03 10:00:00
ord_1217,866.7,INR,COMPLETED,2026-08-18 10:00:00
ord_1218,11145.45,INR,COMPLETED,2026-08-18 10:00:00
ord_1219,14759.51,INR,COMPLETED,2026-08-18 10:00:00
ord_1220,9699.72,INR,COMPLETED,2026-08-18 10:00:00
ord_1221,4805.38,INR,COMPLETED,2026-08-06 10:00:00
ord_1222,8263.55,INR,COMPLETED,2026-08-06 10:00:00
ord_1223,1702.97,INR,COMPLETED,2026-08-09 10:00:00
ord_1224,2584.66,INR,COMPLETED,2026-08-09 10:00:00
ord_1225,835.54,INR,COMPLETED,2026-08-09 10:00:00
ord_1226,7157.35,INR,COMPLETED,2026-08-19 10:00:00
ord_1227,2556.61,INR,COMPLETED,2026-08-20 10:00:00
ord_1228,1622.03,INR,COMPLETED,2026-08-09 10:00:00
ord_1229,1959.74,INR,COMPLETED,2026-08-12 10:00:00
ord_1230,12033.9,INR,COMPLETED,2026-08-12 10:00:00
ord_1231,6499.3,INR,COMPLETED,2026-08-12 10:00:00
ord_1232,7554.5,INR,COMPLETED,2026-08-12 10:00:00
ord_1233,5941.19,INR,COMPLETED,2026-08-03 10:00:00
ord_1234,5046.98,INR,COMPLETED,2026-08-03 10:00:00
ord_1235,13670.38,INR,COMPLETED,2026-08-03 10:00:00
ord_1236,12223.96,INR,COMPLETED,2026-08-03 10:00:00
ord_1237,13602.75,INR,COMPLETED,2026-08-06 10:00:00
ord_1238,14650.78,INR,COMPLETED,2026-08-20 10:00:00
ord_1239,8065.35,INR,COMPLETED,2026-08-20 10:00:00
ord_1240,4190.26,INR,COMPLETED,2026-08-20 10:00:00
ord_1241,8271.34,INR,COMPLETED,2026-08-04 10:00:00
ord_1242,13069.68,INR,COMPLETED,2026-08-17 10:00:00
ord_1243,2164.43,INR,COMPLETED,2026-08-17 10:00:00
ord_1244,2509.19,INR,COMPLETED,2026-08-07 10:00:00
ord_1245,1709.92,INR,COMPLETED,2026-08-07 10:00:00
ord_1246,10528.22,INR,COMPLETED,2026-08-07 10:00:00
ord_1247,5554.02,INR,COMPLETED,2026-08-16 10:00:00
ord_1248,11305.32,INR,COMPLETED,2026-08-18 10:00:00
ord_1249,7689.12,INR,COMPLETED,2026-08-18 10:00:00
ord_1250,7933.52,INR,COMPLETED,2026-08-18 10:00:00
ord_1251,6299.16,INR,COMPLETED,2026-08-18 10:00:00
ord_1252,10462.33,INR,COMPLETED,2026-08-09 10:00:00
ord_1253,13366.07,INR,COMPLETED,2026-08-09 10:00:00
ord_1254,8962.9,INR,COMPLETED,2026-08-09 10:00:00
ord_1255,6785.34,INR,COMPLETED,2026-08-06 10:00:00
ord_1256,6969.29,INR,COMPLETED,2026-08-06 10:00:00
ord_1257,9146.78,INR,COMPLETED,2026-08-06 10:00:00
ord_1258,4439.27,INR,COMPLETED,2026-08-06 10:00:00
ord_1259,6725.04,INR,COMPLETED,2026-08-11 10:00:00
ord_1260,8723.56,INR,COMPLETED,2026-08-11 10:00:00
ord_1261,5922.43,INR,COMPLETED,2026-08-11 10:00:00
ord_1262,9674.13,INR,COMPLETED,2026-08-11 10:00:00
ord_1263,13397.02,INR,COMPLETED,2026-08-03 10:00:00
ord_1264,14392.41,INR,COMPLETED,2026-08-03 10:00:00
ord_1265,9256.29,INR,COMPLETED,2026-08-09 10:00:00
ord_1266,13220.16,INR,COMPLETED,2026-08-09 10:00:00
ord_1267,14280.48,INR,COMPLETED,2026-08-09 10:00:00
ord_1268,934.13,INR,COMPLETED,2026-08-17 10:00:00
ord_1269,3108.61,INR,COMPLETED,2026-08-17 10:00:00
ord_1270,5178.88,INR,COMPLETED,2026-08-17 10:00:00
ord_1271,11968.0,INR,COMPLETED,2026-08-17 10:00:00
ord_1272,10025.84,INR,COMPLETED,2026-08-08 10:00:00
ord_1273,5893.48,INR,COMPLETED,2026-08-08 10:00:00
ord_1274,5119.54,INR,COMPLETED,2026-08-11 10:00:00
ord_1275,7247.96,INR,COMPLETED,2026-08-01 10:00:00
ord_1276,12030.97,INR,COMPLETED,2026-08-01 10:00:00
ord_1277,4612.41,INR,COMPLETED,2026-08-08 10:00:00
ord_1278,3576.54,INR,COMPLETED,2026-08-08 10:00:00
ord_1279,3653.22,INR,COMPLETED,2026-08-08 10:00:00
ord_1280,8633.9,INR,COMPLETED,2026-08-08 10:00:00
ord_1281,5107.86,INR,COMPLETED,2026-08-19 10:00:00
ord_1282,5141.76,INR,COMPLETED,2026-08-19 10:00:00
ord_1283,3358.29,INR,COMPLETED,2026-08-19 10:00:00
ord_1284,12139.52,INR,COMPLETED,2026-08-19 10:00:00
ord_1285,6607.94,INR,COMPLETED,2026-08-16 10:00:00
ord_1286,2299.34,INR,COMPLETED,2026-08-16 10:00:00
ord_1287,2981.53,INR,COMPLETED,2026-08-16 10:00:00
ord_1288,8858.0,INR,COMPLETED,2026-08-11 10:00:00
ord_1289,4633.04,INR,COMPLETED,2026-08-11 10:00:00
ord_1290,12703.82,INR,COMPLETED,2026-08-15 10:00:00
ord_1291,6340.76,INR,COMPLETED,2026-08-15 10:00:00
ord_1292,9849.25,INR,COMPLETED,2026-08-18 10:00:00
ord_1293,1507.08,INR,COMPLETED,2026-08-18 10:00:00
ord_1294,1879.24,INR,COMPLETED,2026-08-18 10:00:00
ord_1295,6304.99,INR,COMPLETED,2026-08-09 10:00:00
ord_1296,8568.53,INR,COMPLETED,2026-08-09 10:00:00
ord_1297,5041.03,INR,COMPLETED,2026-08-09 10:00:00
ord_1298,12805.75,INR,COMPLETED,2026-08-10 10:00:00
ord_1299,14523.71,INR,COMPLETED,2026-08-10 10:00:00
ord_1300,2260.49,INR,COMPLETED,2026-08-10 10:00:00
ord_1301,5921.64,INR,COMPLETED,2026-08-10 10:00:00
ord_1302,3748.21,INR,COMPLETED,2026-08-20 10:00:00
ord_1303,14906.34,INR,COMPLETED,2026-08-01 10:00:00
ord_1304,1776.24,INR,COMPLETED,2026-08-14 10:00:00
ord_1305,10999.56,INR,COMPLETED,2026-08-14 10:00:00
ord_1306,4265.47,INR,COMPLETED,2026-08-12 10:00:00
ord_1307,14233.6,INR,COMPLETED,2026-08-02 10:00:00
ord_1308,10474.86,INR,COMPLETED,2026-08-03 10:00:00
ord_1309,11978.6,INR,COMPLETED,2026-08-03 10:00:00
ord_1310,6003.57,INR,COMPLETED,2026-08-03 10:00:00
ord_1311,2238.57,INR,COMPLETED,2026-08-06 10:00:00
ord_1312,5130.32,INR,COMPLETED,2026-08-06 10:00:00
ord_1313,2646.02,INR,COMPLETED,2026-08-06 10:00:00
ord_1314,8969.89,INR,COMPLETED,2026-08-06 10:00:00
ord_1315,8065.57,INR,COMPLETED,2026-08-14 10:00:00
ord_1316,14657.07,INR,COMPLETED,2026-08-08 10:00:00
ord_1317,5167.71,INR,COMPLETED,2026-08-08 10:00:00
ord_1318,11097.54,INR,COMPLETED,2026-08-08 10:00:00
ord_1319,3774.54,INR,COMPLETED,2026-08-08 10:00:00
ord_1320,10062.47,INR,COMPLETED,2026-08-03 10:00:00
ord_1321,11161.39,INR,COMPLETED,2026-08-03 10:00:00
ord_1322,3580.89,INR,COMPLETED,2026-08-03 10:00:00
ord_1323,7570.86,INR,COMPLETED,2026-08-15 10:00:00
ord_1324,5436.53,INR,COMPLETED,2026-08-15 10:00:00
ord_1325,10773.43,INR,COMPLETED,2026-08-17 10:00:00
ord_1326,10001.7,INR,COMPLETED,2026-08-17 10:00:00
ord_1327,12793.2,INR,COMPLETED,2026-08-17 10:00:00
ord_1328,13792.11,INR,COMPLETED,2026-08-04 10:00:00
ord_1329,6090.85,INR,COMPLETED,2026-08-04 10:00:00
ord_1330,3225.33,INR,COMPLETED,2026-08-15 10:00:00
ord_1331,4528.66,INR,COMPLETED,2026-08-15 10:00:00
ord_1332,2880.85,INR,COMPLETED,2026-08-15 10:00:00
ord_1333,4953.63,INR,COMPLETED,2026-08-15 10:00:00
ord_1334,7183.83,INR,COMPLETED,2026-08-19 10:00:00
ord_1335,2054.01,INR,COMPLETED,2026-08-19 10:00:00
ord_1336,13464.42,INR,COMPLETED,2026-08-04 10:00:00
ord_1337,7405.49,INR,COMPLETED,2026-08-06 10:00:00
ord_1338,4350.89,INR,COMPLETED,2026-08-17 10:00:00
ord_1339,13940.45,INR,COMPLETED,2026-08-17 10:00:00
ord_1340,1718.97,INR,COMPLETED,2026-08-17 10:00:00
ord_1341,6255.46,INR,COMPLETED,2026-08-14 10:00:00
ord_1342,6747.3,INR,COMPLETED,2026-08-14 10:00:00
ord_1343,4452.54,INR,COMPLETED,2026-08-11 10:00:00
ord_1344,1918.28,INR,COMPLETED,2026-08-11 10:00:00
ord_1345,9905.02,INR,COMPLETED,2026-08-11 10:00:00
ord_1346,11114.02,INR,COMPLETED,2026-08-11 10:00:00
ord_1347,3247.02,INR,COMPLETED,2026-08-14 10:00:00
ord_1348,3061.35,INR,COMPLETED,2026-08-14 10:00:00
ord_1349,4500.92,INR,COMPLETED,2026-08-14 10:00:00
ord_1350,10376.83,INR,COMPLETED,2026-08-16 10:00:00
ord_1351,2170.22,INR,COMPLETED,2026-08-08 10:00:00
ord_1352,13478.35,INR,COMPLETED,2026-08-08 10:00:00
